id,WORD,WORD.copy,FREQ,cor.id,cor.tok,q,note
1, , ,11785,,,,
1251, ּ, ּ,1,,,,
322,  ,  ,6,,,,
1252,   ,   ,1,,,,
1253,     ,     ,1,,,,
84,-,-,31,,,,
20,—,—,105,,,,
114,⸗,⸗,20,,,,
2,",",",",764,,,,
154,;,;,15,,,,
4,:,:,635,,,,
5,!,!,375,,,,
7,?,?,292,,,,
3,.,.,637,,,,
783,‘,‘,2,,,,
1254,“,“,1,,,,
8,(,(,235,,,,
9,),),233,,,,
1255,0,0,1,,,,
1256,33,33,1,,,,
1257,1000,1000,1,,,,
784,12,12,2,,,,
323,13,13,6,,,,
1258,14,14,1,,,,
1259,15,15,1,,,,
562,16,16,3,,,,
1260,17,17,1,,,,
1261,1908,1908,1,,,,
563,2,2,3,,,,
564,22,22,3,,,,
785,23,23,2,,,,
1262,25,25,1,,,,
1263,27,27,1,,,,
786,28,28,2,,,,
787,3,3,2,,,,
788,33,33,2,,,,
789,34,34,2,,,,
1264,35,35,1,,,,
1265,37,37,1,,,,
1266,38,38,1,,,,
565,4,4,3,,,,
566,43,43,3,,,,
1267,44,44,1,,,,
1268,45,45,1,,,,
1269,5,5,1,,,,
790,50,50,2,,,,
376,5000,5000,5,,,,
791,53,53,2,,,,
1270,55,55,1,,,,
1271,59,59,1,,,,
1272,60,60,1,,,,
1273,7,7,1,,,,
1274,8,8,1,,,,
1275,9,9,1,,,,
134,א,א,17,,,,
10,אַ,אַ,230,,,,
127,אָ,אָ,18,,,,
1276,א.ז,א.ז,1,,,,
1277,אאָ,אאָ,1,,,,
1278,אאָקען,אאָקען,1,,,,
195,אב,אב,11,,,,
257,אַב,אַב,8,,,,
196,אָב,אָב,11,,,,
211,אָבּ,אָבּ,10,,,,
792,אָבּגעבּען,אָבּגעבּען,2,,אָבּגֶעבֶּען,,
1279,אָבּגענוּמען,אָבּגענוּמען,1,,אָבּגֶנוּמֶען,,
793,אָבּוואהל,אָבּוואהל,2,,,,
794,אַבּי,אַבּי,2,,,,
1280,אַבִּיסֶעל,אַבִּיסֶעל,1,,,,
795,אַבּיסעל,אַבּיסעל,2,1280,אַבִּיסֶעל,,
1281,אָבּןאנען,אָבּןאנען,1,,,,
451,אָבֶּער,אָבֶּער,4,,,,
58,אָבּער,אָבּער,47,451,אָבֶּער,,
324,אָבֶּער,אָבֶּער,6,451,אָבֶּער,,
1282,אַבּערגלויבּען,אַבּערגלויבּען,1,,,,
1283,אָבּצוּקויפען,אָבּצוּקויפען,1,,,,
1284,אָבּקויפען,אָבּקויפען,1,,,,
1285,אַבְּשִיער,אַבְּשִיער,1,,,,
258,אָדער,אָדער,8,,אָדעֶר,,
1286,אַדרבּה,אַדרבּה,1,,,,
1287,אַה,אַה,1,,,,
135,אָה,אָה,17,,,,
567,אַהיים,אַהיים,3,,,,
452,אַהין,אַהין,4,,,,
1288,אַהינגעהן,אַהינגעהן,1,,,,
144,אָהן,אָהן,16,,,,
796,אָהנע,אָהנע,2,,,,
377,אַהער,אַהער,5,,,,
797,אַהעָר,אַהעָר,2,,,,
1289,אַהֶער,אַהֶער,1,,,,
1290,אָהרען,אָהרען,1,,,,
1291,אואונטע,אואונטע,1,,,,
1292,אוואָס,אוואָס,1,,,,
1293,אווייס,אווייס,1,,,,
568,אוועק,אוועק,3,798,,,
798,אַוועק,אַוועק,2,,,,
1294,אוופטריט,אוופטריט,1,,,,
73,אוי,אוי,37,799,,,
799,אוֹי,אוֹי,2,,,,
453,אויבּ,אויבּ,4,,,,
1295,אויבּען,אויבּען,1,,,,
1296,אויג,אויג,1,,,,
85,אויגען,אויגען,31,378,אויגֶען,,
378,אויגֶען,אויגֶען,5,,,,
569,אויגענבּליק,אויגענבּליק,3,,,,
1297,אויגענליכט,אויגענליכט,1,,,,
1298,אויגענקראנקהייט,אויגענקראנקהייט,1,,,,
67,אויך,אויך,40,379,אויךְ,,
379,אויךְ,אויךְ,5,,,,
800,אוים,אוים,2,,,,
801,אוינ,אוינ,2,,,,
155,אוינען,אוינען,15,1299,אוינֶען,,
1299,אוינֶען,אוינֶען,1,,,,
570,אוינענבּליק,אוינענבּליק,3,,,,
1300,אוינענקראנקהייט,אוינענקראנקהייט,1,,,,
128,אויס,אויס,18,,,,
1301,אויסאגען,אויסאגען,1,,,,
1302,אויסְבְּלֵייבֶּען,אויסְבְּלֵייבֶּען,1,,,,
1303,אויסגעהאפט,אויסגעהאפט,1,1304,אויסגעהאפּט,,
1304,אויסגעהאפּט,אויסגעהאפּט,1,,,,
1305,אויסְגֶעוֶועהלְט,אויסְגֶעוֶועהלְט,1,,,,
802,אויסְגֶעזֶעהן,אויסְגֶעזֶעהן,2,,,,
1306,אויסגעחאפּט,אויסגעחאפּט,1,1304,אויסגעהאפּט,,
1307,אויסגעלאט,אויסגעלאט,1,,,,
1308,אויסגעלאָןט,אויסגעלאָןט,1,,,1,
1309,אויסְגֶעלאסֶענֶע,אויסְגֶעלאסֶענֶע,1,1310,אויסְגֶעלַאסֶענֶע,,
1310,אויסְגֶעלַאסֶענֶע,אויסְגֶעלַאסֶענֶע,1,,,,
1311,אויסגעלאסענער,אויסגעלאסענער,1,,אויסְגֶעלַאסֶענֶער,,
1312,אויסגעלייוט,אויסגעלייוט,1,,,,
1313,אויסגעפוצט,אויסגעפוצט,1,,,,stage
1314,אויסגעקראצט,אויסגעקראצט,1,,,,
1315,אויסְגֶעשְטְרֶעְקְט,אויסְגֶעשְטְרֶעְקְט,1,,,,
1316,אויסגעשריען,אויסגעשריען,1,,,,
571,אויסחאפּען,אויסחאפּען,3,,,,
1317,אויסחאפּעניש,אויסחאפּעניש,1,,,,
1318,אויסלאזען,אויסלאזען,1,,,,
1319,אויסְמָאהלֶען,אויסְמָאהלֶען,1,,,,
1320,אויסניצען,אויסניצען,1,,,,
1321,אויסס,אויסס,1,,,,
803,אויסער,אויסער,2,,,,
1322,אויסערוועהלט,אויסערוועהלט,1,,,,
1323,אויסרייסען,אויסרייסען,1,,,,
1324,אויסרעדען,אויסרעדען,1,,,,
1325,אויפ,אויפ,1,,,,
33,אויף,אויף,81,,,,
1326,אויפגעהערט,אויפגעהערט,1,1327,אויפְגֶעהֶערְט,,
1327,אויפְגֶעהֶערְט,אויפְגֶעהֶערְט,1,,,,
1328,אויפגעכאפּט,אויפגעכאפּט,1,,,,
1329,אויפגערענט,אויפגערענט,1,,,,
1330,אויפגעשטאנען,אויפגעשטאנען,1,,,,
1331,אויפהערען,אויפהערען,1,,,,
121,אויפטריט,אויפטריט,19,,,,
804,אויפֿטריט,אויפֿטריט,2,,,,
1332,אויפטרעטען,אויפטרעטען,1,,,,
805,אויפרענוּנג,אויפרענוּנג,2,,אויפרעגוּנג,,
1333,אויפרענען,אויפרענען,1,,אויפרעגען,,
1334,אויקרוּפען,אויקרוּפען,1,,,,
212,אוּם,אוּם,10,,,,
1335,אומארמונג,אומארמונג,1,,,,
572,אומארמט,אומארמט,3,,,,
806,אוּמאַרמען,אוּמאַרמען,2,,,,
1336,אוּמגליק,אוּמגליק,1,,,,
1337,אוּמגעווארפען,אוּמגעווארפען,1,,,,
807,אונ,אונ,2,,,,
39,און,און,66,11,אוּן,,
11,אוּן,אוּן,182,,,,
1338,אוּנאַנגענעהם,אוּנאַנגענעהם,1,,,,
573,אונגליק,אונגליק,3,454,אוּנְגְלִיק,,
259,אוּנגליק,אוּנגליק,8,454,אוּנְגְלִיק,,
454,אוּנְגְלִיק,אוּנְגְלִיק,4,,,,
574,אוּנגליקליך,אוּנגליקליך,3,,אוּנְגְלִיקְלִיךְ,,
1339,אוּנגליקליךְ,אוּנגליקליךְ,1,,אוּנְגְלִיקְלִיךְ,,
1340,אונגליקליכען,אונגליקליכען,1,,אוּנְגְלִיקְלִיךְ,,
1341,אוּנגליקליכען,אוּנגליקליכען,1,,אוּנְגְלִיקְלִיכֶען,,
1342,אוּנְגְלִיקְלִיכֶען,אוּנְגְלִיקְלִיכֶען,1,,,,
1343,אוּנגליקליכעס,אוּנגליקליכעס,1,,אוּנְגְלִיקְלִיכֶעס,,
455,אוּנגליקליכער,אוּנגליקליכער,4,,אוּנְגְלִיקְלִיכֶער,,
1344,אוּנְגלִיקְלִיכֶער,אוּנְגלִיקְלִיכֶער,1,,אוּנְגְלִיקְלִיכֶער,,
1345,אוּנְגְלִיקְלִיכֶער,אוּנְגְלִיקְלִיכֶער,1,,,,
1346,אונגעדוּלדיג,אונגעדוּלדיג,1,,אוּנְגְלִיקְלִיג,,
1347,אוּנהיילבּאר,אוּנהיילבּאר,1,,אוּנְהֵיילְבַּאר,,
1348,אוּנְהֵיילְבַּאר,אוּנְהֵיילְבַּאר,1,,,,
575,אונז,אונז,3,,אוּנְז,,
1349,אונְז,אונְז,1,,אוּנְז,,
173,אוּנז,אוּנז,13,,אוּנְז,,
1350,אוּנְז,אוּנְז,1,,,,
576,אונזער,אונזער,3,,אוּנְזעֶר,,
156,אוּנזער,אוּנזער,15,,אוּנְזעֶר,,
1351,אוּנְזעֶר,אוּנְזעֶר,1,,,,
1352,אוּנזערן,אוּנזערן,1,,אוּנְזעֶרן,,
1353,אונזערע,אונזערע,1,,אוּנְזעֶרֶע,,
808,אוּנזערע,אוּנזערע,2,,אוּנְזעֶרֶע,,
294,אונטער,אונטער,7,,,,
1354,אוּנטערזוּכוּנג,אוּנטערזוּכוּנג,1,,,,
1355,אונטערנדעכענד,אונטערנדעכענד,1,,,,
1356,אונטערשרייבט,אונטערשרייבט,1,,,,
1357,אוּנטערשרייבּען,אוּנטערשרייבּען,1,,,,
1358,אונטערשריעבּען,אונטערשריעבּען,1,,,,
1359,אוּנטערשריעבּען,אוּנטערשריעבּען,1,,,,
1360,אונטערשריפט,אונטערשריפט,1,,,,
1361,אוּנכאפּען,אוּנכאפּען,1,,,,
1362,אונמאכט,אונמאכט,1,,,,
1363,אוּנמעכטיג,אוּנמעכטיג,1,,,,
1364,אונמענליך,אונמענליך,1,,,,
1365,אוּנס,אוּנס,1,,,,
1366,אוּנערפארענעס,אוּנערפארענעס,1,,,,
1367,אונצופריעדענער,אונצופריעדענער,1,,,,
456,אוּנרעכט,אוּנרעכט,4,,,,
809,אונשוּלד,אונשוּלד,2,,,,
1368,אוּנשוּלד,אוּנשוּלד,1,,,,
1369,אונשוּלדיג,אונשוּלדיג,1,,,,
1370,אונשוּלדיגען,אונשוּלדיגען,1,,,,
1371,אונשוּלדיגעס,אונשוּלדיגעס,1,,,,
1372,אוּרזאכע,אוּרזאכע,1,,,,
53,אַז,אַז,51,,,,
1373,אזא,אזא,1,,אַזַא,,
111,אַזא,אַזא,22,,אַזַא,,
1374,אַזאַ,אַזאַ,1,,אַזַא,,
577,אַזַא,אַזַא,3,,,,
1375,אָזאַ,אָזאַ,1,,,,
32,אַזוי,אַזוי,89,,,,
1376,אַזויפְיעל,אַזויפְיעל,1,,,,
578,אָט,אָט,3,,,,
1377,אַטען,אַטען,1,,,,
457,אי,אי,4,,אִי,,
1378,אִי,אִי,1,,,,
1379,אַיָא,אַיָא,1,,,,
197,איבּער,איבּער,11,,אִיבֶּער,,
1380,אִיבֶּער,אִיבֶּער,1,,,,
1381,איבּעראל,איבּעראל,1,,אִיבֶּערַאל,,
1382,אִיבֶּערַאל,אִיבֶּערַאל,1,,,,
1383,איבּערגעזינגען,איבּערגעזינגען,1,,,,
1384,איבּערדאשט,איבּערדאשט,1,,,,
1385,איבּערהויפּט,איבּערהויפּט,1,,אֵיבּערהוֹיפּט,,
1386,אֵיבּערהוֹיפּט,אֵיבּערהוֹיפּט,1,,,,
810,איבּערלאזען,איבּערלאזען,2,,,,
811,איבּערלעגט,איבּערלעגט,2,,אִיבֶּערְלֶעגְט,,
1387,איבּערלעגען,איבּערלעגען,1,,אִיבֶּערְלֶעגֶן,,
1388,איבּערלענע,איבּערלענע,1,,אִיבֶּערְלֶעגֶע,,
1389,איבּערלענען,איבּערלענען,1,,אִיבֶּערְלֶעגֶען,,
1390,איבּערנאַנג,איבּערנאַנג,1,,,,
1391,איבּערצוּקוּמען,איבּערצוּקוּמען,1,,,,
1392,איבערציהער,איבערציהער,1,,,,
812,איבּערציינט,איבּערציינט,2,,,,
1393,איבּערציינע,איבּערציינע,1,,,,
1394,איבּערקוּמען,איבּערקוּמען,1,,,,
1395,איבּערקעהרט,איבּערקעהרט,1,,,,
1396,איבּערקעהרען,איבּערקעהרען,1,,,,
1397,איבּערראשט,איבּערראשט,1,,,,
1398,איבּרינענס,איבּרינענס,1,,,,
1399,איה,איה,1,,,,
1400,איה'ש,איה'ש,1,,,,
34,איהם,איהם,72,,אִיהם,,
163,אִיהם,אִיהם,14,,,,
15,איהר,איהר,150,,אִיהר,,
325,אִיהר,אִיהר,6,,,,
813,אֵיהר,אֵיהר,2,,אִיהר,,
181,איהרע,איהרע,12,,אִיהרֶע,,
814,איהרען,איהרען,2,,אִיהרֶען,,
12,איז,איז,176,,אִיז,,
112,אִיז,אִיז,22,,,,
815,איזט,איזט,2,,אִיזט,,
1401,אייבּיג,אייבּיג,1,,,,
1402,אייבּערשטער,אייבּערשטער,1,,,,
1403,אייגאַ,אייגאַ,1,,,,
1404,אַייגען,אַייגען,1,,אַייגֶען,,
1405,אַייגֶען,אַייגֶען,1,,,,
1406,אֵייגֶענֶען,אֵייגֶענֶען,1,,,,
1407,אֵיידֶעם,אֵיידֶעם,1,,,,
579,איידער,איידער,3,,,,
1408,אַייזען,אַייזען,1,,,,
1409,אייזער,אייזער,1,,,,
213,אייך,אייך,10,,אַייך,,
55,אַייך,אַייך,48,,,,
45,איין,איין,57,,אַיין,,
380,אֵיין,אֵיין,5,,,,both
82,אַיין,אַיין,32,,,,both
1410,אַיינבּיינען,אַיינבּיינען,1,,,,
1411,איינגעוויקעלטען,איינגעוויקעלטען,1,,,,
1412,אַיינגערעךט,אַיינגערעךט,1,,,,
1413,אַיינדרוּק,אַיינדרוּק,1,,,,
1414,איינהאַלטען,איינהאַלטען,1,,,,
1415,אַיינווענדען,אַיינווענדען,1,,,,
1416,איינזעהן,איינזעהן,1,,,,
1417,אייניגע,אייניגע,1,,אַיינִינֶע,,
1418,אַיינִינֶע,אַיינִינֶע,1,,,,
1419,איינסיי,איינסיי,1,,,,
260,איינע,איינע,8,,אַיינע,,
198,אַיינע,אַיינע,11,,,,
816,איינעם,איינעם,2,,,,
580,איינען,איינען,3,,,,
1420,אַיינענטהימער,אַיינענטהימער,1,,,,
817,אַיינענע,אַיינענע,2,,,,
1421,איינענער,איינענער,1,,,,
1422,איינער,איינער,1,,אַיינער,,
1423,אַיינער,אַיינער,1,,,,
1424,אַיינְפַאכֶע,אַיינְפַאכֶע,1,,,,
1425,איינציג,איינציג,1,,,,
1426,אַיינציג,אַיינציג,1,,,,
1427,איינצינע,איינצינע,1,,,,
1428,איינצינער,איינצינער,1,,,,
1429,אייער,אייער,1,,אֵייעֶר,,
1430,אֵייעֶר,אֵייעֶר,1,,,,
136,אַייער,אַייער,17,,אֵייעֶר,,both
1431,אַייעֶר,אַייעֶר,1,,,,
458,אַייערע,אַייערע,4,,,,
1432,אַייעֶרֶע,אַייעֶרֶע,1,,,,
6,איך,איך,330,,אִיך,,
581,איךְ,איךְ,3,,אִיך,,
50,אִיך,אִיך,54,,אִיך,,
1433,אים,אים,1,,אִים,,
1434,אימה,אימה,1,,,,
459,אימער,אימער,4,,,,
26,אין,אין,98,,,,
326,אִין,אִין,6,,,,
460,אֵין,אֵין,4,,,,
1435,אינהיילכּאר,אינהיילכּאר,1,,,,
1436,אינטאָשע,אינטאָשע,1,,,,
1437,אינטערעסע,אינטערעסע,1,,,,
1438,אינקוויזיציאָנען,אינקוויזיציאָנען,1,,,,
1439,אינשע,אינשע,1,,,,
44,איסר,איסר,61,,,,character
1440,אִיסָר,אִיסָר,1,,,,
818,איצט,איצט,2,,,,
1441,אירגענד,אירגענד,1,,,,
157,אַך,אַך,15,,,,
1442,אָך,אָך,1,,,,
1443,אַכְטוּנְג,אַכְטוּנְג,1,,,,
1444,אַכטען,אַכטען,1,,,,
1445,אָכנע,אָכנע,1,,,,
819,אל,אל,2,,,,
1446,אַל,אַל,1,,,,
1447,אָל,אָל,1,,,,
820,אַלא,אַלא,2,,,,
1448,אַלאז,אַלאז,1,,,,
1449,אָלחנן,אָלחנן,1,,,,
1450,אַלט,אַלט,1,,,,
1451,אַלטאר,אַלטאר,1,,,,
1452,אָלטער,אָלטער,1,,,,
71,אלטעריל,אלטעריל,38,,,,
59,אַלטעריל,אַלטעריל,47,,,,
821,אַלְטֶערִיל,אַלְטֶערִיל,2,,,,
1453,אַלטעריל'ס,אַלטעריל'ס,1,,,,
1454,אַלטערל'ן,אַלטערל'ן,1,,,,
1455,אַלטערל'ס,אַלטערל'ס,1,,,,
1456,אַלטרלען,אַלטרלען,1,,,,
1457,אַליא,אַליא,1,,,,
1458,אֶליהוּ,אֶליהוּ,1,,,,
327,אַליהוּ,אַליהוּ,6,,,,
461,אָליהוּ,אָליהוּ,4,,,,
97,אַליין,אַליין,27,,אַלֵיין,,
1459,אַלֵיין,אַלֵיין,1,,,,
1460,אַלמעכטינער,אַלמעכטינער,1,,,,
214,אַלס,אַלס,10,,אַלְס,,
1461,אַלְס,אַלְס,1,,,,
86,אלע,אלע,31,,אַלֶע,,
79,אַלע,אַלע,35,,אַלֶע,,
822,אַלֶע,אַלֶע,2,,,,
823,אַלעא,אַלעא,2,,,,
1462,אַלעזיסע,אַלעזיסע,1,,,,
824,אַלעם,אַלעם,2,,אַלֶעם,,
1463,אַלֶעם,אַלֶעם,1,,,,
1464,אַלעמען,אַלעמען,1,,,,
1465,אלען,אלען,1,,,,
113,אַלעס,אַלעס,22,,אַלעֶס,,
1466,אַלעֶס,אַלעֶס,1,,,,
1467,אֶלקִים,אֶלקִים,1,,,,
1468,אַמאַל,אַמאַל,1,,,,
1469,אַמאָל,אַמאָל,1,,,,
462,אמן,אמן,4,,אָמן,,
1470,אָמן,אָמן,1,,,,
1471,אַמעריקא,אַמעריקא,1,,,,
1472,אמקרויט,אמקרויט,1,,,,
1473,אמשטאַמשטע,אמשטאַמשטע,1,,,,
328,אמת,אמת,6,,,,
1474,אן,אן,1,,אָן,,
122,אָן,אָן,19,,,,
1475,אַנא,אַנא,1,,,,
1476,אַנבּיטען,אַנבּיטען,1,,,,
1477,אַנבּיעטען,אַנבּיעטען,1,,,,
825,אָנגעהויבּען,אָנגעהויבּען,2,,,,
1478,אָנגעווארען,אָנגעווארען,1,,,,
1479,אָנגעווינשען,אָנגעווינשען,1,,,,
1480,אָנְגֶעזָאגְט,אָנְגֶעזָאגְט,1,,,,
1481,אָנגעזאנט,אָנגעזאנט,1,,אָנְגֶעזָאגְט,,
1482,אַנגעכאטען,אַנגעכאטען,1,,,,
1483,אנדערבּארע,אנדערבּארע,1,,,,
1484,אנדערע,אנדערע,1,,אַנדערע,,
381,אַנדערע,אַנדערע,5,,,,
1485,אַנדערען,אַנדערען,1,,,,
826,אַנדערער,אַנדערער,2,,,,
1486,אַנדערעֵר,אַנדערעֵר,1,,,,
827,אַנדערש,אַנדערש,2,,,,
1487,אָנְהֶענְגֶען,אָנְהֶענְגֶען,1,,,,
1488,אנט,אנט,1,,,,
1489,אַנטלאפען,אַנטלאפען,1,,,,
1490,אַנטלויפט,אַנטלויפט,1,,,,
828,אַנידער,אַנידער,2,,,,
1491,אַננעהמען,אַננעהמען,1,,,,
1492,אָנפערטרויט,אָנפערטרויט,1,,,,
1493,אַנצוּבעטען,אַנצוּבעטען,1,,,,
137,אָנקעל,אָנקעל,17,,,,
1494,אַנשטאט,אַנשטאט,1,,אַנשטאַט,,
1495,אַנשטאַט,אַנשטאַט,1,,,,
1496,אָנשיִקעניש,אָנשיִקעניש,1,,,,
1497,אַס,אַס,1,,,,
1498,אַפאוט,אַפאוט,1,,,,
1499,אַפאטש,אַפאטש,1,,,,
1500,אַפּאר,אַפּאר,1,,,,
329,אפארט,אפארט,6,,,,
829,אַפאַרט,אַפאַרט,2,,,,
1501,אָפּגענוּמען,אָפּגענוּמען,1,,,,
830,אָפט,אָפט,2,,,,
831,אַפילוּ,אַפילוּ,2,,,,
1502,אפיער,אפיער,1,,,,
832,אפיקומן,אפיקומן,2,,,,
1503,אַפיקומן,אַפיקומן,1,,,,
1504,אָפֶען,אָפֶען,1,,,,
833,אָפענע,אָפענע,2,,אָפֶענֶע,,
1505,אָפֶענֶע,אָפֶענֶע,1,,,,
1506,אָפער,אָפער,1,,,,
1507,אפּעראציאן,אפּעראציאן,1,,,,
1508,אפפער,אפפער,1,,,,
582,אָפּפער,אָפּפער,3,,,,
1509,אפּפערן,אפּפערן,1,,,,
1510,אָפפערן,אָפפערן,1,,,,
834,אפשר,אפשר,2,,אֶפְשֶר,,
1511,אֶפְשֶר,אֶפְשֶר,1,,,,
583,אָפשר,אָפשר,3,,אֶפְשֶר,,
1512,אַצונד,אַצונד,1,,,,
145,אַצוּנד,אַצוּנד,16,,,,
123,אַצינד,אַצינד,19,,,,
584,אקט,אקט,3,,אַקט,,
585,אַקט,אַקט,3,,,,
1513,אַקטען,אַקטען,1,,,,
1514,אראָבּ,אראָבּ,1,,,,
835,אַראבּ,אַראבּ,2,,,,
1515,אַראנזירט,אַראנזירט,1,,,,
1516,אראפ,אראפ,1,,,,
586,ארויס,ארויס,3,,,,
330,אַרויס,אַרויס,6,,,,
1517,אַרויסצוּלאזען,אַרויסצוּלאזען,1,,,,
1518,אַרויסרייסען,אַרויסרייסען,1,,,,
463,אַרויף,אַרויף,4,,,,
1519,ארום,ארום,1,,,,
1520,ארוּם,ארוּם,1,,,,
1521,אַרוּם,אַרוּם,1,,,,
1522,אָרוּם,אָרוּם,1,,,,
464,אָרוּמע,אָרוּמע,4,,,,
1523,אַרוּמצוּנעהן,אַרוּמצוּנעהן,1,,,,
836,אַרונטער,אַרונטער,2,,,,
1524,אַריבּער,אַריבּער,1,,,,
587,אריין,אריין,3,,,,
240,אַריין,אַריין,9,,אַרַיין,,
837,אַרײַן,אַרײַן,2,,אַרַיין,,
1525,אַרַיין,אַרַיין,1,,,,
1526,אריינגעקומען,אריינגעקומען,1,,,,
1527,אריינקוּמענד,אריינקוּמענד,1,,,,
1528,אָרים,אָרים,1,,,,
1529,אָרימאן,אָרימאן,1,,,,
1530,אַרם,אַרם,1,,,,
1531,אָרמע,אָרמע,1,,,,
1532,ארמעס,ארמעס,1,,,,
1533,ארמער,ארמער,1,,אָרְמער,,
1534,אָרְמער,אָרְמער,1,,,,
1535,אַרצט,אַרצט,1,,,,
1536,אָשא,אָשא,1,,,,
1537,אָשתּי,אָשתּי,1,,,,
838,את,את,2,,אָת,,
839,אָת,אָת,2,,,,
1538,אַתה,אַתה,1,,,,
1539,בַּאבֶּען,בַּאבֶּען,1,,,,
129,בּאלד,בּאלד,18,,בּאָלד,,
1540,בּאָלד,בּאָלד,1,,,,
1541,באלקאן,באלקאן,1,,,,
1542,בּאמבּע,בּאמבּע,1,,,,
1543,בּאנקיער,בּאנקיער,1,,,,
1544,בּאק,בּאק,1,,,,
1545,בַּאקְט,בַּאקְט,1,,,,
1546,בּארג,בּארג,1,,,,
1547,בּארד,בּארד,1,,,,
1548,בּארעדען,בּארעדען,1,,,,
1549,בּארקייט,בּארקייט,1,,,,
1550,בּאת,בּאת,1,,,,
1551,בּהלה,בּהלה,1,,,,
1552,בּהמה,בּהמה,1,,,,
1553,בְּהֵמות,בְּהֵמות,1,,,,
1554,בּוידעם,בּוידעם,1,,,,
1555,בּויך,בּויך,1,,,,
588,בּוים,בּוים,3,,,,
1556,בּוימערקע,בּוימערקע,1,,,,
1557,בּוּכהאלטער,בּוּכהאלטער,1,,,,
589,בּוּכהאַלטער,בּוּכהאַלטער,3,,,,
1558,בּוּכהַאלְטֶער,בּוּכהַאלְטֶער,1,,,,
1559,בוכהאַנדלונג,בוכהאַנדלונג,1,,,,
1560,בורה'כע,בורה'כע,1,,,,
1561,בּחוּר,בּחוּר,1,,,,
1562,בּיגען,בּיגען,1,,,,
590,ביז,ביז,3,,בִּיז,,
1563,בִּיז,בִּיז,1,840,בִּיז,,
382,בּיז,בּיז,5,,בִּיז,,
840,בִּיז,בִּיז,2,,,,
261,בּיזט,בּיזט,8,,בִּיזְט,,
1564,בִּיזְט,בִּיזְט,1,,,,
1565,ביזטו,ביזטו,1,,בִּיזְטוּ,,
465,בּיזטו,בּיזטו,4,,בִּיזְטוּ,,
383,בּיזטוּ,בּיזטוּ,5,,בִּיזְטוּ,,
1566,בִּיזְטו,בִּיזְטו,1,,בִּיזְטוּ,,
841,בִּיזְטוּ,בִּיזְטוּ,2,,,,
295,בּיט,בּיט,7,,,,
1567,בּיטוּ,בּיטוּ,1,,,,
842,בּיטע,בּיטע,2,,,,
591,בּיטער,בּיטער,3,,בִּיטֶער,,
1568,בִּיטֶערֶע,בִּיטֶערֶע,1,,,,
296,ביי,ביי,7,,,,
1569,בֵּיי,בֵּיי,1,,,,
94,בּיי,בּיי,29,,,,
1570,בֵּיי,בֵּיי,1,,,,
843,בַּיי,בַּיי,2,,,,
262,ביידע,ביידע,8,,בּיידע,,
164,בּיידע,בּיידע,14,,,,
1571,בייז,בייז,1,,,,
1572,בּייזערן,בּייזערן,1,,,,
297,בּיים,בּיים,7,,בַּיים,,
1573,בַּיים,בַּיים,1,,,,
844,בּיין,בּיין,2,,,,
1574,בּיך,בּיך,1,,,,
1575,בִּיכֶער,בִּיכֶער,1,,,,
1576,בִּילְד,בִּילְד,1,,בִּילְד,,
1577,בּילד,בּילד,1,,בִּילְד,,
1578,בִּילְד,בִּילְד,1,,,,
1579,בּילדער,בּילדער,1,,,,
1580,בּיליכער,בּיליכער,1,,,,
845,בִּין,בִּין,2,,בִּין,,
51,בּין,בּין,54,,בִּין,,
1581,בִּין,בִּין,1,,,,
846,בינדע,בינדע,2,,,,
592,בּינדע,בּינדע,3,,,,
1582,בּינה,בּינה,1,,,,
331,בּיןט,בּיןט,6,,בִּיזְט,,
847,בּיןטוּ,בּיןטוּ,2,,בִּיזְטוּ,,
1583,בּיס,בּיס,1,,,,
263,בּיסט,בּיסט,8,,,,
593,בּיסטוּ,בּיסטוּ,3,,,,
1584,ביסס,ביסס,1,,,,
848,בּית,בּית,2,,,,
1585,בּיתי,בּיתי,1,,,,
1586,בּלאז,בּלאז,1,,,,
1587,בּלאטע,בּלאטע,1,,,,
1588,בּלאַסע,בּלאַסע,1,,,,
1589,בּלאסעס,בּלאסעס,1,,,,
1590,בּלאסער,בּלאסער,1,,,,
1591,בּלאסקייט,בּלאסקייט,1,,,,
1592,בּלבּוּל,בּלבּוּל,1,,,,
1593,בּלוט,בּלוט,1,,,,
1594,בּלוּטזויגער,בּלוּטזויגער,1,,,,
849,בּלויס,בּלויס,2,,,,
1595,בּלוּמע,בּלוּמע,1,,,,
1596,בְּלַייבּ,בְּלַייבּ,1,,,,
466,בּלייבּ,בּלייבּ,4,,בְּלַייבּ,,
594,בלייבט,בלייבט,3,,בּלייבּט,,
1597,בלייבּט,בלייבּט,1,,בּלייבּט,,
384,בּלייבּט,בּלייבּט,5,,,,
850,בּלייבּע,בּלייבּע,2,,,,
1598,בְּלַייבֶּען,בְּלַייבֶּען,1,,בְּלַייבֶּען,,
595,בּלייבּען,בּלייבּען,3,,בְּלַייבֶּען,,
1599,בְּלַייבֶּען,בְּלַייבֶּען,1,,,,
1600,בְּלִינד,בְּלִינד,1,,,,
115,בּלינד,בּלינד,20,,בְּלִינד,,
1601,בלינדהייט,בלינדהייט,1,,בּלינדהייט,,
1602,בּלינדהייט,בּלינדהייט,1,,,,
1603,בּלינדע,בּלינדע,1,,,,
851,בְּלִינְדֶען,בְּלִינְדֶען,2,,,,
165,בּלינדען,בּלינדען,14,,בְּלִינְדֶען,,
1604,בּלינדעָן,בּלינדעָן,1,,בְּלִינְדֶען,,
264,בּלינדער,בּלינדער,8,,בְּלִינְדֶער,,
1605,בּלינדערהייט,בּלינדערהייט,1,,,,
1606,בּלינךהייט,בּלינךהייט,1,,,,
1607,בּליצען,בּליצען,1,,,,
1608,בליקטן,בליקטן,1,,,,
852,בּליקען,בּליקען,2,,,,
853,בּמקום,בּמקום,2,,,,
385,בּן,בּן,5,,בֶּן,,
1609,בֶּן,בֶּן,1,,,,
1610,בּסט,בּסט,1,,,,
1611,בּסךר,בּסךר,1,,,,
596,בּע,בּע,3,,,,
1612,בּעגלייטען,בּעגלייטען,1,,,,
386,בּעגליקען,בּעגליקען,5,,,,
1613,בֶּעגֶעהרְט,בֶּעגֶעהרְט,1,,,,
1614,בּעדארף,בּעדארף,1,,,,
1615,בּעדארפט,בּעדארפט,1,,,,
1616,בּעדוירע,בּעדוירע,1,,,,
1617,בּעדענקע,בּעדענקע,1,,,,
1618,בעהאַלט,בעהאַלט,1,,,,
1619,בּעהאלטען,בּעהאלטען,1,,בּעהאַלטען,,
1620,בּעהאַלטען,בּעהאַלטען,1,,,,
854,בּעהט,בּעהט,2,,,,
1621,בּעהייטע,בּעהייטע,1,,,,
1622,בּעהילפליך,בּעהילפליך,1,,,,
1623,בעוואוסטלאַז,בעוואוסטלאַז,1,,,,
1624,בעוואוסטלאָז,בעוואוסטלאָז,1,,,,
1625,בּעוואוּסטלאז,בּעוואוּסטלאז,1,,,,
597,בּעוויזען,בּעוויזען,3,,,,
1626,בּעווייזען,בּעווייזען,1,,בּעוויזען,,
1627,בעוועגליך,בעוועגליך,1,,,,
855,בעז,בעז,2,,בּעז,,
1628,בּעז,בּעז,1,,,,
1629,בּעזארגע,בּעזארגע,1,,,,
1630,בּעזוּך,בּעזוּך,1,,,,
1631,בֶּעזוּכְט,בֶּעזוּכְט,1,,,,
1632,בֶּעזוּכֶען,בֶּעזוּכֶען,1,,,,
1633,בּעזוּכען,בּעזוּכען,1,,בֶּעזוּכֶען,,
1634,בּעזוּנדערן,בּעזוּנדערן,1,,,,
1635,בּעזיענען,בּעזיענען,1,,,,
598,בּעט,בּעט,3,,,,
1636,בֶּעטְלֶער,בֶּעטְלֶער,1,,,,
1637,בּעטסטוּ,בּעטסטוּ,1,,,,
1638,בּעטען,בּעטען,1,,בֶּעטֶען,,
1639,בֶּעטֶען,בֶּעטֶען,1,,,,
1640,בֶּעטְרַאכְט,בֶּעטְרַאכְט,1,,,,
1641,בעטראַנט,בעטראַנט,1,,,,
1642,בעטראנטעט,בעטראנטעט,1,,,,
1643,בּעטרוּג,בּעטרוּג,1,,,,
1644,בּעטריגען,בּעטריגען,1,,,,
467,בּעל,בּעל,4,,,,
1645,בּעלאהנען,בּעלאהנען,1,,,,
1646,בּעליידיגען,בּעליידיגען,1,,,,
1647,בּעליידינט,בּעליידינט,1,,,,
1648,בּעמיהט,בּעמיהט,1,,,,
1649,בּעמיהעָן,בּעמיהעָן,1,,,,
1650,בעמערקען,בעמערקען,1,,,,
1651,בּען,בּען,1,,,,
1652,בּענאנגען,בּענאנגען,1,,,,
1653,בּענגט,בּענגט,1,,,,
1654,בענטשען,בענטשען,1,,בּענטשען,,
1655,בּענטשען,בּענטשען,1,,,,
1656,בּענליקען,בּענליקען,1,,,,
1657,בּענעָהן,בּענעָהן,1,,,,
1658,בּענעהען,בּענעהען,1,,,,
1659,בּענקיל,בּענקיל,1,,,,
599,בענקעל,בענקעל,3,,בּענקעל,,
1660,בּענקעל,בּענקעל,1,,,,
1661,בּענשט,בּענשט,1,,,,
1662,בעס,בעס,1,,,,
1663,בּעסן,בּעסן,1,,,,
332,בּעסער,בּעסער,6,,,,
1664,בּעסערע,בּעסערע,1,,,,
1665,בּעפאר,בּעפאר,1,,,,
1666,בּעפינדעט,בּעפינדעט,1,,,,
1667,בּעצאהלען,בּעצאהלען,1,,בּעצאָהלען,,
1668,בּעצאָהלען,בּעצאָהלען,1,,,,
1669,בּעקאנט,בּעקאנט,1,,,,
1670,בּעקאנטע,בּעקאנטע,1,,,,
600,בּעקוּמט,בּעקוּמט,3,,,,
468,בּעקוּמען,בּעקוּמען,4,,,,
1671,בּער'ער,בּער'ער,1,,,,
1672,בּערוּהיג,בּערוּהיג,1,,,,
1673,בּערוישט,בּערוישט,1,,,,
1674,בּערייהע,בּערייהע,1,,,,
856,בּערייט,בּערייט,2,,,,
98,בערמאן,בערמאן,27,,בֶּערמַאן,,
138,בּערמאן,בּערמאן,17,,בֶּערמַאן,,
1675,בֶּערמַאן,בֶּערמַאן,1,,,,
1676,בּעשולדיגוּנג,בּעשולדיגוּנג,1,,,,
1677,בּעשולדיגט,בּעשולדיגט,1,,,,
1678,בּעשטימטע,בּעשטימטע,1,,,,
1679,בּעשטעה,בּעשטעה,1,,,,
1680,בּעשטעטינוּנג,בּעשטעטינוּנג,1,,,,
1681,בּעשטראפט,בּעשטראפט,1,,,,
857,בּעשטראפען,בּעשטראפען,2,,,,
1682,בּעשעהרט,בּעשעהרט,1,,,,
1683,בּעשערט,בּעשערט,1,,,,
1684,בּעששט,בּעששט,1,,,,
1685,בּראך,בּראך,1,,,,
858,בְּרוּדֶער,בְּרוּדֶער,2,,בְּרוּדֶער,,
859,בּרודער,בּרודער,2,,בְּרוּדֶער,,
265,בּרוּדער,בּרוּדער,8,,בְּרוּדֶער,,
1686,בְּרוּדֶער,בְּרוּדֶער,1,,,,
1687,בְּרוּדֶערְס,בְּרוּדֶערְס,1,,,,
1688,בּרויט,בּרויט,1,,,,
1689,בּרויטינאם,בּרויטינאם,1,,,,
1690,בּרויךְ,בּרויךְ,1,,,,
1691,בְּרויכְסְטוּ,בְּרויכְסְטוּ,1,,,,
601,בּרוּך,בּרוּך,3,,,,
1692,ברוסט,ברוסט,1,,בּרוּסט,,
602,בּרוּסט,בּרוּסט,3,,,,
1693,בּרייטינאם,בּרייטינאם,1,,,,
1694,בּרינג,בּרינג,1,,,,
1695,בּרינגען,בּרינגען,1,,,,
603,בריעף,בריעף,3,,בּריעף,,
469,בּריעף,בּריעף,4,,,,
1696,בריער,בריער,1,,,,
1697,בּריקאלע,בּריקאלע,1,,,,
860,בּרכה,בּרכה,2,,,,
1698,בְּרֶעכְט,בְּרֶעכְט,1,,,,
1699,בּרעכען,בּרעכען,1,,,,
1700,בְּרֶענְג,בְּרֶענְג,1,,,,
1701,בּרענג,בּרענג,1,,בְּרֶענְג,,
861,בּרענגט,בּרענגט,2,,,,
862,בּרענגען,בּרענגען,2,,בְּרֶענְגֶען,,
1702,בְּרֶענְגֶען,בְּרֶענְגֶען,1,,,,
863,בּרענען,בּרענען,2,,,,
864,בּשוּרה,בּשוּרה,2,,,,
1703,בּשורות,בּשורות,1,,בּשוּרות,,
1704,בּשוּרות,בּשוּרות,1,,,,
1705,בּשלום,בּשלום,1,,,,
1706,בּשמחה,בּשמחה,1,,,,
865,ג,ג,2,,,,
866,גאט,גאט,2,,גָאט,,
1707,גאַט,גאַט,1,,גָאט,,
604,גאָט,גאָט,3,,גָאט,,
1708,גָאט,גָאט,1,,,,
1709,גָאט'ס,גָאט'ס,1,,,,
1710,גאלדפארבּ,גאלדפארבּ,1,,,,
1711,גאלדפאָרבּ,גאלדפאָרבּ,1,,,,
1712,גַאנץ,גַאנץ,1,,,,
1713,גאנצע,גאנצע,1,,גַאנְצֶע,,
605,גאַנצע,גאַנצע,3,,גַאנְצֶע,,
867,גַאנְצֶע,גַאנְצֶע,2,,,,
1714,גאנצער,גאנצער,1,,גַאנְצֶער,,
1715,גאַנצער,גאַנצער,1,,גַאנְצֶער,,
298,גאר,גאר,7,,גָאר,,
470,גאָר,גאָר,4,,גָאר,,
1716,גָאר,גָאר,1,,,,
1717,גארטען,גארטען,1,,,,
606,גביר,גביר,3,,,,
174,גוּט,גוּט,13,,,,
868,גוּטע,גוּטע,2,,גוּטֶע,,
1718,גוּטֶע,גוּטֶע,1,,,,
471,גוּטען,גוּטען,4,,גוּטֶען,,
869,גוּטֶען,גוּטֶען,2,,,,
607,גוּטעס,גוּטעס,3,,גוּטֶעס,,
333,גוּטער,גוּטער,6,,גוּטֶער,,
1719,גוּטֶער,גוּטֶער,1,,גוּטֶער,,
387,גוּלדען,גוּלדען,5,,,,
870,גולם,גולם,2,,,,
1720,גור,גור,1,,,,
1721,גיבּ,גיבּ,1,,,,
388,גיבט,גיבט,5,,,,
608,גיט,גיט,3,,,,
1722,גייט,גייט,1,,,,
871,גלויבּ,גלויבּ,2,,גְלויבּ,,
872,גְלויבּ,גְלויבּ,2,,,,
1723,גלויבּסט,גלויבּסט,1,,,,
389,גלויבּע,גלויבּע,5,,גְלויבֶּע,,
334,גלויבּען,גלויבּען,6,,גְלויבֶּען,,
1724,גְלויבֶּען,גְלויבֶּען,1,,,,
1725,גליהענדע,גליהענדע,1,,,,
1726,גליהענדער,גליהענדער,1,,,,
1727,גלייבּט,גלייבּט,1,,,,
873,גלייך,גלייך,2,,,,
1728,גליעדערן,גליעדערן,1,,,,
241,גליק,גליק,9,,,,
472,גליקליך,גליקליך,4,,,,
1729,גליקליכע,גליקליכע,1,,,,
1730,גליקליכען,גליקליכען,1,,,,
1731,גליקליכער,גליקליכער,1,,,,
1732,גנבות,גנבות,1,,,,
1733,גןעדן,גןעדן,1,,,,
1734,גֶעאנְט,גֶעאנְט,1,,,,
1735,געב,געב,1,,,,
1736,געבּאטען,געבּאטען,1,,,,
1737,געבּוירען,געבּוירען,1,,,,
1738,געבּוירענער,געבּוירענער,1,,,,
1739,געבּוּנדען,געבּוּנדען,1,,,,
1740,גֶעבִּילְדֶעטֶער,גֶעבִּילְדֶעטֶער,1,,,,
874,געבּליבּען,געבּליבּען,2,,,,
1741,געבלענדעט,געבלענדעט,1,,,,
1742,געבּעך,געבּעך,1,,,,
1743,געבען,געבען,1,,געבּען,,
335,געבּען,געבּען,6,,,,
1744,גֶעבְּרָאטֶענְס,גֶעבְּרָאטֶענְס,1,,,,
473,געבּראכט,געבּראכט,4,,גֶעבְּרַאכְט,,
474,געבּראַכט,געבּראַכט,4,,גֶעבְּרַאכְט,,
1745,גֶעבְּרַאכְט,גֶעבְּרַאכְט,1,,גֶעבְּרַאכְט,,
1746,גֶעבְּרַאכְט,גֶעבְּרַאכְט,1,,,,
1747,געבּרענגט,געבּרענגט,1,,,,
1748,געגלויבּט,געגלויבּט,1,,,,
475,געגעבּען,געגעבּען,4,,,,
875,געגענווארט,געגענווארט,2,,,,
1749,געגענטייל,געגענטייל,1,,,,
1750,געגענייטיג,געגענייטיג,1,,,,
1751,געדאכט,געדאכט,1,,,,
1752,געדאנק,געדאנק,1,,,,
1753,געדאנקען,געדאנקען,1,,,,
876,געדענק,געדענק,2,,,,
1754,געדרענג,געדרענג,1,,,,
215,געה,געה,10,,גֶעה,,
1755,גֶעה,גֶעה,1,,,,
609,געהאט,געהאט,3,,געהאַט,,
1756,געהאַט,געהאַט,1,,,,
1757,גֶעהַאלְזְט,גֶעהַאלְזְט,1,,,,
1758,געהאַלטען,געהאַלטען,1,,גֶעהַאלְטֶען,,
1759,גֶעהַאלְטֶען,גֶעהַאלְטֶען,1,,,,
1760,געהאקטע,געהאקטע,1,,,,
1761,געהארט,געהארט,1,,,,
199,געהט,געהט,11,,גֶעהט,,
1762,גֶעהט,גֶעהט,1,,,,
610,געהיילט,געהיילט,3,,גֶעהֵיילְט,,
1763,גֶעהֵיילְט,גֶעהֵיילְט,1,,,,
1764,געהייסען,געהייסען,1,,,,
200,געהן,געהן,11,,גֶעהן,,
877,גֶעהן,גֶעהן,2,,,,
1765,געהען,געהען,1,,גֶעהֶען,,
1766,גֶעהֶען,גֶעהֶען,1,,,,
878,געהערט,געהערט,2,,גֶעהֶערְט,,
476,געהעָרט,געהעָרט,4,,גֶעהֶערְט,,
1767,גֶעהֶערְט,גֶעהֶערְט,1,,,,
1768,געהערען,געהערען,1,,,,
1769,געהרנ'עט,געהרנ'עט,1,,,,
1770,געוואוּסט,געוואוּסט,1,,,,
299,געוואלד,געוואלד,7,,,,
611,געוואלט,געוואלט,3,,גֶעוָואלְט,,
1771,געוואַלט,געוואַלט,1,,גֶעוָואלְט,,
1772,גֶעווָאלְט,גֶעווָאלְט,1,,גֶעוָואלְט,,
1773,גֶעוָואלְט,גֶעוָואלְט,1,,,,
879,געוואנט,געוואנט,2,,,,
216,געווארען,געווארען,10,,גֶעוָוארֶען,,
1774,גֶעוָוארֶען,גֶעוָוארֶען,1,,,,
1775,געווארפען,געווארפען,1,,,,
1776,געוויין,געוויין,1,,,,
390,געווים,געווים,5,,גֶעווִיס,,
1777,געוויס,געוויס,1,,גֶעווִיס,,
1778,גֶעווִיס,גֶעווִיס,1,,,,
1779,געוויסהייט,געוויסהייט,1,,,,
1780,געוויסער,געוויסער,1,,,,
1781,געוויעען,געוויעען,1,,,,
1782,געוועהן,געוועהן,1,,,,
1783,געווֶעהן,געווֶעהן,1,,,,
1784,געוועהנליך,געוועהנליך,1,,,,
242,געוועזען,געוועזען,9,,,,
1785,געוועזענע,געוועזענע,1,,,,
166,געווען,געווען,14,,,,
1786,געוועָן,געוועָן,1,,,,
1787,געוועןען,געוועןען,1,,,,
1788,געוןארען,געוןארען,1,,,,
880,געזאַגט,געזאַגט,2,,,,
1789,גֶעזָאגֶט,גֶעזָאגֶט,1,,,,
881,געזאנג,געזאנג,2,,,,
266,געזאנט,געזאנט,8,,,,
882,געזאַנט,געזאַנט,2,,,,
1790,געזוּכט,געזוּכט,1,,,,
883,געזוּנגען,געזוּנגען,2,,,,
612,געזוּנד,געזוּנד,3,,,,
1791,גֶעזוּנְד,גֶעזוּנְד,1,,,,
1792,געזוּנדהייט,געזוּנדהייט,1,,,,
884,געזוּנדטערהייט,געזוּנדטערהייט,2,,,,
1793,געזוּנדער,געזוּנדער,1,,,,
885,געזיכט,געזיכט,2,,,,
1794,גֶעזֶעגְנֶען,גֶעזֶעגְנֶען,1,,,,
886,געזעהן,געזעהן,2,,,,
613,גֶעזֶעהן,גֶעזֶעהן,3,,,,
477,געזעהען,געזעהען,4,,,,
1795,גֶעזֶעהען,גֶעזֶעהען,1,,,,
1796,געחאפּט,געחאפּט,1,,,,
1797,געחלע'ט,געחלע'ט,1,,,,
1798,געחלש'ט,געחלש'ט,1,,,,
1799,געטהון,געטהון,1,,,,
614,געטהוּן,געטהוּן,3,,,,
887,געטליכע,געטליכע,2,,,,
888,געטראפען,געטראפען,2,,,,
1800,געךרענג,געךרענג,1,,,,
1801,געלאזט,געלאזט,1,,,,
1802,געלאָזט,געלאָזט,1,,,,
615,געלאט,געלאט,3,,,,
616,געלאכט,געלאכט,3,,,,
1803,געלאפען,געלאפען,1,,,,
75,געלד,געלד,36,,גֶעלד,,
1804,גֶעלד,גֶעלד,1,,,,
1805,געלדגעריגען,געלדגעריגען,1,,,,
889,געלונגען,געלונגען,2,,,,
1806,געליינט,געליינט,1,,,,
1807,געלינדערט,געלינדערט,1,,,,
1808,געליעבּט,געליעבּט,1,,,,
890,געליעבּטע,געליעבּטע,2,,,,
1809,געליעבּטען,געליעבּטען,1,,,,
617,געליעבּטער,געליעבּטער,3,,,,
1810,געלעגט,געלעגט,1,,,,
1811,געלעגענהייט,געלעגענהייט,1,,,,
1812,געלעכטער,געלעכטער,1,,,,
891,געלענענהייט,געלענענהייט,2,,,,
1813,גֶעלֶערְנְט,גֶעלֶערְנְט,1,,,,
892,געם,געם,2,,,,
618,געמאכט,געמאכט,3,,,,
893,געמאַכט,געמאַכט,2,,,,
1814,געמארטערט,געמארטערט,1,,,,
1815,געמה,געמה,1,,,,
182,געמט,געמט,12,,גֶעמְט,,
1816,גֶעמְט,גֶעמְט,1,,,,
267,געמיינט,געמיינט,8,,,,
619,געמליך,געמליך,3,,,,
1817,געמעגט,געמעגט,1,,,,
894,געמען,געמען,2,,,,
1818,געןאלט,געןאלט,1,,,,
1819,גענאנגען,גענאנגען,1,,,,
1820,געןאנט,געןאנט,1,,,,
895,גענוּג,גענוּג,2,,גֶענוּג,,
1821,גֶענוּג,גֶענוּג,1,,,,
1822,גֶענוּמֶען,גֶענוּמֶען,1,,,,
1823,געניכ'עט,געניכ'עט,1,,,,
1824,גֶענִיס,גֶענִיס,1,,,,
1825,געננכעט,געננכעט,1,,,,
1826,גענעבּען,גענעבּען,1,,,,
1827,גענעזוּנג,גענעזוּנג,1,,,,
1828,גענרייט,גענרייט,1,,,,
478,געסט,געסט,4,,,,
1829,גֶעסְטוּ,גֶעסְטוּ,1,,,,
1830,געעפנעטע,געעפנעטע,1,,,,
620,געעפענט,געעפענט,3,,,,
621,געפאהר,געפאהר,3,,,,
896,געפּאטערט,געפּאטערט,2,,,,
897,געפאלען,געפאלען,2,,,,
1831,געפאסט,געפאסט,1,,,,
1832,געפוּן,געפוּן,1,,,,
391,געפוּנען,געפוּנען,5,,,,
392,געפיהרט,געפיהרט,5,,,,
1833,געפֿיהרט,געפֿיהרט,1,,גֶעפייערט,,
1834,געפייערט,געפייערט,1,,,,
1835,געפיעלט,געפיעלט,1,,גֶעפִיעלְט,,
1836,געפלאסען,געפלאסען,1,,,,
1837,געפלויגען,געפלויגען,1,,,,
1838,געפעלט,געפעלט,1,,,,
1839,געפעלינסט,געפעלינסט,1,,,,
1840,געפענגניס,געפענגניס,1,,,,
1841,געפרענט,געפרענט,1,,,,
1842,געצימבּעלט,געצימבּעלט,1,,,,
1843,געקויפט,געקויפט,1,,,,
183,געקוּמען,געקוּמען,12,,,,
1844,גֶעקוּמֶען,גֶעקוּמֶען,1,,,,
1845,געקט,געקט,1,,,,
1846,גֶעקִישְט,גֶעקִישְט,1,,,,
1847,געקליידעט,געקליידעט,1,,,,
622,געקענט,געקענט,3,,,,
1848,געראטעוועט,געראטעוועט,1,,,,
1849,גערוּהט,גערוּהט,1,,,,
1850,גערויבּט,גערויבּט,1,,,,
1851,גערויבּטעס,גערויבּטעס,1,,,,
1852,גערירט,גערירט,1,,,,
898,גערנע,גערנע,2,,,,
623,גערעטעט,גערעטעט,3,,גֶערעָטעט,,
1853,גערעָטעט,גערעָטעט,1,,גֶערעָטעט,,
1854,גערעכט,גערעכט,1,,גֶערֶעכְט,,
624,גערעךט,גערעךט,3,,גֶערֶעדְט,,
1855,געשוויגען,געשוויגען,1,,,,
1856,גֶעשְוִוינְד,גֶעשְוִוינְד,1,,,,
1857,געשוועסטער,געשוועסטער,1,,,,
1858,געשוועסטערקינד,געשוועסטערקינד,1,,,,
1859,געשטאלטען,געשטאלטען,1,,,,
1860,געשטעהע,געשטעהע,1,,,,
899,געשטעלט,געשטעלט,2,,,,
1861,געשטערט,געשטערט,1,,,,
1862,געשטערקט,געשטערקט,1,,,,
1863,געשטראפט,געשטראפט,1,,,,
1864,געשיהט,געשיהט,1,,,,
1865,געשיעהט,געשיעהט,1,,,,
900,געשיקט,געשיקט,2,,,,
1866,געשלאגען,געשלאגען,1,,,,
1867,געשלאפען,געשלאפען,1,,,,
1868,געשלעכט,געשלעכט,1,,,,
300,געשעהן,געשעהן,7,,,,
901,געשעהען,געשעהען,2,,,,
1869,געשענק,געשענק,1,,,,
1870,געשענקאָבּעֶר,געשענקאָבּעֶר,1,,,,
1871,געשעצט,געשעצט,1,,,,
1872,געשפּראכען,געשפּראכען,1,,,,
902,געשריי,געשריי,2,,,,
1873,געשריעבּען,געשריעבּען,1,,,,
1874,גראדע,גראדע,1,,,,
1875,גראטוּליערען,גראטוּליערען,1,,,,
1876,גראשען,גראשען,1,,,,
1877,גרוּבּ,גרוּבּ,1,,,,
1878,גרויס,גרויס,1,,גְרויס,,
1879,גְרויס,גְרויס,1,,,,
903,גרויסע,גרויסע,2,,,,
479,גרויסען,גרויסען,4,,,,
1880,גְרויסֶען,גְרויסֶען,1,,,,
625,גרויסער,גרויסער,3,,גְרויסֶען,,
1881,גרוּס,גרוּס,1,,,,
1882,גְרֵייו,גְרֵייו,1,,גְרֵייז,,
1883,גְרֵייז,גְרֵייז,1,,,,
1884,גרייט,גרייט,1,,,,
1885,גְרֵיין,גְרֵיין,1,,,,
1886,גרימאסען,גרימאסען,1,,,,
1887,גרעסטע,גרעסטע,1,,,,
904,גרעסטער,גרעסטער,2,,,,
1888,גרעסערע,גרעסערע,1,,,,
626,ד,ד,3,,,,
83,דא,דא,32,,דָא,,
905,דאָ,דאָ,2,,דָא,,
393,דָא,דָא,5,,,,
1889,דאגעגען,דאגעגען,1,,,,
906,דאדוּרך,דאדוּרך,2,,,,
627,דאַזא,דאַזא,3,,,,
907,דאָזא,דאָזא,2,,,,
1890,דאָזאַ,דאָזאַ,1,,,,
908,דאיק,דאיק,2,,,,
909,דאיקע,דאיקע,2,,,,
60,דאך,דאך,47,,דאָך,,
1891,דאָך,דאָך,1,,,,
217,דָאך,דָאך,10,,,,
1892,דאכט,דאכט,1,,,,
268,דאם,דאם,8,,דָאס,,
1893,דאַם,דאַם,1,,דָאס,,
1894,דאמאלס,דאמאלס,1,,,,
1895,דאמאַלס,דאמאַלס,1,,,,
910,דאמיט,דאמיט,2,,,,
1896,דאמִיט,דאמִיט,1,,,,
269,דאן,דאן,8,,,,
1897,דאַן,דאַן,1,,,,
1898,דאָן,דאָן,1,,,,
911,דַאן,דַאן,2,,,,
1899,דַאנֶין,דַאנֶין,1,,,,
301,דאנק,דאנק,7,,דַאנְק,,
1900,דַאנְק,דַאנְק,1,,,,
1901,דאנקבּארקייט,דאנקבּארקייט,1,,,,
912,דאנקע,דאנקע,2,,,,
1902,דַאנְקָע,דַאנְקָע,1,,,,
913,דאנקען,דאנקען,2,,,,
103,דאס,דאס,24,,דָאס,,
76,דאַס,דאַס,36,,דָאס,,
41,דאָס,דאָס,65,,דָאס,,
99,דָאס,דָאס,27,,,,
1903,דאעען,דאעען,1,,,,
1904,דאפיר,דאפיר,1,,,,
914,דַאפִיר,דַאפִיר,2,,,,
1905,דאפּעלט,דאפּעלט,1,,,,
1906,דאצוּ,דאצוּ,1,,,,
480,דאקטאר,דאקטאר,4,,,,
915,דאָקטאר,דאָקטאר,2,,,,
1907,דאָקטארען,דאָקטארען,1,,דָאקְטָארֶען,,
1908,דָאקְטָארֶען,דָאקְטָארֶען,1,,,,
1909,דָאקטְוירִים,דָאקטְוירִים,1,,,,
1910,דָאקְטוירִים,דָאקְטוירִים,1,,,,
1911,דאקטער,דאקטער,1,,דאָקטער,,
1912,דאָקטער,דאָקטער,1,,,,
1913,דארגעבּאטען,דארגעבּאטען,1,,,,
302,דארוּם,דארוּם,7,,דַארוּם,,
916,דַארוּם,דַארוּם,2,,,,
917,דארט,דארט,2,,דָארְט,,
270,דאָרט,דאָרט,8,,דָארְט,,
1914,דָארְט,דָארְט,1,,,,
1915,דארטען,דארטען,1,,,,
628,דאריבּער,דאריבּער,3,,,,
1916,דארך,דארך,1,,,,
167,דארף,דארף,14,,,,
1917,דארפסט,דארפסט,1,,,,
65,דבורה,דבורה,41,,,,
80,דבורה'לע,דבורה'לע,35,,דְבורֶה'לֶע,,
1918,דבורֶה'לֶע,דבורֶה'לֶע,1,,דְבורֶה'לֶע,,
1919,דְבורה'לֶע,דְבורה'לֶע,1,,דְבורֶה'לֶע,,
629,דְבורֶה'לֶע,דְבורֶה'לֶע,3,,,,
481,דבורה'לען,דבורה'לען,4,,,,
918,דבורה'לעס,דבורה'לעס,2,,,,
482,דבורהלע,דבורהלע,4,,,,
1920,דבירה,דבירה,1,,,,
1921,דד,דד,1,,,,
175,דו,דו,13,,,,
28,דוּ,דוּ,92,,,,
1922,דוּא,דוּא,1,,,,
1923,דוּל,דוּל,1,,,,
483,דועט,דועט,4,,,,
630,דורה,דורה,3,,,,
631,דורה'לע,דורה'לע,3,,,,
394,דוּרך,דוּרך,5,,,,
17,די,די,121,,דִי,,
158,דִי,דִי,15,,,,
395,דיא,דיא,5,,,,
1924,דיזע,דיזע,1,,דִיזֶע,,
1925,דיזען,דיזען,1,,דִיזֶען,,
1926,דִיזֶען,דִיזֶען,1,,,,
632,דיזער,דיזער,3,,דִיזֶער,,
1927,דייטשאוי,דייטשאוי,1,,,,
35,דיין,דיין,72,,דַײן,,
146,דַיין,דַיין,16,,דַײן,,
1928,דַײן,דַײן,1,,,,
1929,דייניט,דייניט,1,,,,
102,דיינע,דיינע,25,,דַיינֶע,,
1930,דֵיינֶע,דֵיינֶע,1,,דַיינֶע,,
1931,דַיינֶע,דַיינֶע,1,,,,
1932,דַיינֶעם,דַיינֶעם,1,,,,
1933,דיינער,דיינער,1,,,,
61,דיך,דיך,45,,דִיך,,
484,דיךְ,דיךְ,4,,דִיך,,
396,דִיך,דִיך,5,,,,
919,דִיךְ,דִיךְ,2,,דִיך,,
485,דיע,דיע,4,,,,
243,דיעזע,דיעזע,9,,,,
1934,דיעזעם,דיעזעם,1,,,,
486,דיעזען,דיעזען,4,,,,
487,דיעזעס,דיעזעס,4,,,,
397,דיעזער,דיעזער,5,,,,
1935,דיענער,דיענער,1,,,,
920,דיעע,דיעע,2,,,,
1936,דיעער,דיעער,1,,,,
1937,דיציטערסט,דיציטערסט,1,,,,
40,דיר,דיר,66,,דִיר,,
201,דִיר,דִיר,11,,,,
921,דירה,דירה,2,,,,
1938,דנורה'לע,דנורה'לע,1,,,,
23,דעם,דעם,100,,דֶעם,,
184,דֶעם,דֶעם,12,,,,
1939,דעמאלס,דעמאלס,1,,,,
95,דען,דען,29,,,,
1940,דעָן,דעָן,1,,,,
218,דֶען,דֶען,10,,,,
1941,דענקט,דענקט,1,,,,
1942,דענקען,דענקען,1,,דֶענְקֶען,,
1943,דֶענְקֶען,דֶענְקֶען,1,,,,
1944,דעפּאנירט,דעפּאנירט,1,,,,
27,דער,דער,93,,דֶער,,
185,דֶער,דֶער,12,,,,
1945,דערבּסטוּ,דערבּסטוּ,1,,,,
1946,דערווייל,דערווייל,1,,,,
1947,דערזעהט,דערזעהט,1,,,,
1948,דערזעהן,דערזעהן,1,,,,
922,דעריבּער,דעריבּער,2,,,,
336,דערלעבּען,דערלעבּען,6,,,,
1949,דערמאנט,דערמאנט,1,,,,
1950,דערמאנסטוּ,דערמאנסטוּ,1,,,,
1951,דערנאך,דערנאך,1,,דָערְנְאך,,
633,דערנאָך,דערנאָך,3,,דָערְנְאך,,
1952,דָערְנְאך,דָערְנְאך,1,,,,
923,דערפאר,דערפאר,2,,,,
1953,דערפון,דערפון,1,,,,
924,דערפוּן,דערפוּן,2,,,,
925,דערציילט,דערציילט,2,,,,
926,דערצעהל,דערצעהל,2,,,,
1954,דערצעהלט,דערצעהלט,1,,,,
927,דערקענען,דערקענען,2,,,,
1955,דערשראקען,דערשראקען,1,,,,
634,דרויסען,דרויסען,3,,,,
1956,דריטען,דריטען,1,,,,
1957,דריטער,דריטער,1,,,,
1958,דרינגען,דרינגען,1,,,,
928,ה,ה,2,,,,
488,הַ,הַ,4,,,,
929,ה',ה',2,,,,
303,הא,הא,7,,,,
77,האבּ,האבּ,36,,,,
635,האַבּ,האַבּ,3,,הָאבּ,,
81,האָבּ,האָבּ,35,,הָאבּ,,
186,הָאבּ,הָאבּ,12,,,,
271,האבּען,האבּען,8,,,,
244,האַבּען,האַבּען,9,,הָאבֶּען,,
930,האָבּען,האָבּען,2,,הָאבֶּען,,
1959,הָאבֶּען,הָאבֶּען,1,,הָאבֶּען,,
1960,הָאבּעֶן,הָאבּעֶן,1,,הָאבֶּען,,
1961,הָאבֶּען,הָאבֶּען,1,,,,
29,האט,האט,91,,הָאט,,
130,האַט,האַט,18,,הָאט,,
337,האָט,האָט,6,,הָאט,,
139,הָאט,הָאט,17,,,,
636,האכצייט,האכצייט,3,,,,
1962,האלב,האלב,1,,האָלבּ,,
1963,האָלבּ,האָלבּ,1,,,,
931,האלבּער,האלבּער,2,,,,
1964,האלז,האלז,1,,הַאלְז,,
932,הַאלְז,הַאלְז,2,,,,
1965,האלזט,האלזט,1,,,,
933,הַאלְזֶען,הַאלְזֶען,2,,,,
637,האַלט,האַלט,3,,,,
1966,הַאלְט,הַאלְט,1,,,,
1967,הַאלְטְסְט,הַאלְטְסְט,1,,,,
1968,האלטען,האלטען,1,,,,
304,האַלטען,האַלטען,7,,,,
1969,האלירע,האלירע,1,,,,
1970,האַמאַ,האַמאַ,1,,,,
305,האנד,האנד,7,,האַנד,,
306,האַנד,האַנד,7,,,,
934,האָנד,האָנד,2,,,,
1971,האַנדלען,האַנדלען,1,,,,
1972,האנדעלט,האנדעלט,1,,,,
116,האסט,האסט,20,,הָאסְט,,
1973,האָסט,האָסט,1,,הָאסְט,,
1974,הָאסְט,הָאסְט,1,,,,
104,האסטוּ,האסטוּ,24,,,,
638,האָסטוּ,האָסטוּ,3,,,,
935,הָאסְטוּ,הָאסְטוּ,2,,,,
936,האפּ,האפּ,2,,,,
937,הָאפְנוּנְג,הָאפְנוּנְג,2,,,,
1975,האפע,האפע,1,,,,
938,האפען,האפען,2,,,,
1976,הָאפֶען,הָאפֶען,1,,,,
1977,הארבּ,הארבּ,1,,,,
939,הארץ,הארץ,2,,,,
1978,הבּא,הבּא,1,,,,
940,הבּית,הבּית,2,,,,
1979,הבּית'עלע,הבּית'עלע,1,,,,
1980,הגדה,הגדה,1,,,,
1981,הגדות,הגדות,1,,,,
639,הד,הד,3,,,,
1982,ההרים,ההרים,1,,,,
489,הוּא,הוּא,4,,,,
1983,הוה,הוה,1,,,,
640,הויז,הויז,3,,,,
1984,הוֹיז,הוֹיז,1,,,,
1985,הויזען,הויזען,1,,,,
1986,הויט,הויט,1,,,,
1987,הויך,הויך,1,,,,
1988,הויפּט,הויפּט,1,,,,
1989,הונד,הונד,1,,,,
1990,הזן'ם,הזן'ם,1,,,,
1991,היזינער,היזינער,1,,,,
1992,היטץ,היטץ,1,,,,
1993,הייבט,הייבט,1,,,,
1994,הייַבּט,הייַבּט,1,,,,
1995,הייזער,הייזער,1,,,,
641,הייט,הייט,3,,,,
1996,הייטע,הייטע,1,,,,
1997,הייכט,הייכט,1,,,,
1998,הייכלערין,הייכלערין,1,,,,
1999,היילוּנג,היילוּנג,1,,,,
2000,הייליג,הייליג,1,,,,
2001,הֵיילִיג,הֵיילִיג,1,,,,
2002,הייליגע,הייליגע,1,,,,
941,הייליגען,הייליגען,2,,,,
2003,הֵיילִיגֶען,הֵיילִיגֶען,1,,,,
2004,היילינע,היילינע,1,,,,
942,היילען,היילען,2,,,,
943,היים,היים,2,,,,
2005,הֵיים,הֵיים,1,,,,
147,היינט,היינט,16,,,,
2006,היינטיגעס,היינטיגעס,1,,,,
2007,היינטינען,היינטינען,1,,,,
944,הייס,הייס,2,,,,
202,הייסט,הייסט,11,,,,
2008,הייסטוּ,הייסטוּ,1,,,,
2009,הייסע,הייסע,1,,,,
945,הייסען,הייסען,2,,,,
2010,הַייסֶען,הַייסֶען,1,,,,
2011,הייראטה,הייראטה,1,,,,
2012,הֵיירַאטְהֶען,הֵיירַאטְהֶען,1,,,,
2013,הייראטען,הייראטען,1,,,,
2014,הִילֶע,הִילֶע,1,,,,
2015,הִילְף,הִילְף,1,,,,
946,הילפלאז,הילפלאז,2,,,,
490,הילפע,הילפע,4,,,,
491,הימעל,הימעל,4,,,,
2016,הִימֶעל,הִימֶעל,1,,,,
2017,הין,הין,1,,,,
2018,הינאויס,הינאויס,1,,,,
2019,הינגעבּונג,הינגעבּונג,1,,,,
2020,הינטען,הינטען,1,,,,
492,היער,היער,4,,,,
2021,הִיער,הִיער,1,,,,
947,הירצעלעס,הירצעלעס,2,,,,
2022,הל,הל,1,,,,
338,הלואי,הלואי,6,,,,
948,הַלְוַאי,הַלְוַאי,2,,,,
2023,הלוואי,הלוואי,1,,,,
493,הליאי,הליאי,4,,,,
949,הלנאי,הלנאי,2,,,,
2024,הַלְנַאי,הַלְנַאי,1,,,,
2025,המלע,המלע,1,,,,
642,הן,הן,3,,,,
494,הן'ס,הן'ס,4,,,,
2026,הנא'ס,הנא'ס,1,,,,
2027,הנג,הנג,1,,,,
950,הנוים,הנוים,2,,,,
2028,הנונד,הנונד,1,,,,
245,הנכיא,הנכיא,9,,,,
2029,הסתּם,הסתּם,1,,,,
643,הע,הע,3,,,,
2030,העבּען,העבּען,1,,,,
2031,העהערעס,העהערעס,1,,,,
2032,העכסטע,העכסטע,1,,,,
2033,העלדענטאט,העלדענטאט,1,,,,
2034,העלדענטהאַט,העלדענטהאַט,1,,,,
951,העלף,העלף,2,,,,
339,העלפט,העלפט,6,,,,
2035,העלפטע,העלפטע,1,,,,
495,העלפען,העלפען,4,,,,
307,הען,הען,7,,,,
2036,הען'טע,הען'טע,1,,,,
340,הען'ס,הען'ס,6,,,,
2037,הענגט,הענגט,1,,,,
644,הענד,הענד,3,,,,
398,העָנד,העָנד,5,,,,
2038,הֶענְד,הֶענְד,1,,,,
2039,העסליך,העסליך,1,,,,
2040,העָסליכקייט,העָסליכקייט,1,,,,
2041,העסעכעט,העסעכעט,1,,,,
148,הער,הער,16,,,,
2042,הֶער,הֶער,1,,,,
2043,הָער,הָער,1,,,,
2044,הערגעקאמען,הערגעקאמען,1,,,,
2045,הערויס,הערויס,1,,,,
272,הערט,הערט,8,,,,
399,העָרט,העָרט,5,,,,
2046,הערסט,הערסט,1,,,,
2047,הֶערְסְט,הֶערְסְט,1,,,,
2048,הערסטוּ,הערסטוּ,1,,,,
645,הערע,הערע,3,,,,
646,הֶערֶע,הֶערֶע,3,,,,
952,הערען,הערען,2,,,,
176,הערץ,הערץ,13,,,,
341,הֶערְץ,הֶערְץ,6,,,,
953,הערצאלע,הערצאלע,2,,,,
2049,הֶערְצִינְיוּ,הֶערְצִינְיוּ,1,,,,
2050,הערצלען,הערצלען,1,,,,
2051,הערצעל,הערצעל,1,,,,
308,הערצעלע,הערצעלע,7,,,,
2052,הֶערְצֶעלֶע,הֶערְצֶעלֶע,1,,,,
954,הערצען,הערצען,2,,,,
955,הֶערְצֶענְיוּ,הֶערְצֶענְיוּ,2,,,,
149,הערר,הערר,16,,,,
2053,העָרר,העָרר,1,,,,
956,הר,הר,2,,,,
2054,הרב,הרב,1,,,,
2055,הרהמן,הרהמן,1,,,,
2056,הרעמן,הרעמן,1,,,,
2057,השם,השם,1,,,,
2058,הַשֵם,הַשֵם,1,,,,
2059,התן,התן,1,,,,
2060,ואָל,ואָל,1,,,,
957,ואָרץ,ואָרץ,2,,,,
2061,וּברוּך,וּברוּך,1,,,,
958,ודאי,ודאי,2,,,,
2062,ודאלע,ודאלע,1,,,,
2063,וּדאלע,וּדאלע,1,,,,
2064,והשנית,והשנית,1,,,,
400,וו,וו,5,,,,
2065,וואָ,וואָ,1,,,,
959,וואגע,וואגע,2,,,,
960,וואגען,וואגען,2,,,,
2066,וואָגען,וואָגען,1,,,,
2067,וָואהִין,וָואהִין,1,,,,
2068,וואהל,וואהל,1,,,,
2069,וואהלטהאַט,וואהלטהאַט,1,,,,
2070,וואהניין,וואהניין,1,,,,
342,וואהר,וואהר,6,,,,
961,וואהרהייט,וואהרהייט,2,,,,
2071,וואהרשיינליך,וואהרשיינליך,1,,,,
2072,וואו,וואו,1,,,,
246,וואוּ,וואוּ,9,,,,
647,וואוהין,וואוהין,3,,,,
2073,וואוינט,וואוינט,1,,,,
2074,וואונדען,וואונדען,1,,,,
2075,וואוּנדען,וואוּנדען,1,,,,
2076,וואונדער,וואונדער,1,,,,
962,וואוּנדער,וואוּנדער,2,,,,
2077,וואונדערט,וואונדערט,1,,,,
2078,וואונדערן,וואונדערן,1,,,,
963,וואוּנש,וואוּנש,2,,,,
2079,וואזשע,וואזשע,1,,,,
964,וואך,וואך,2,,,,
2080,וואכען,וואכען,1,,,,
2081,וואכענד,וואכענד,1,,,,
965,וואכערס,וואכערס,2,,,,
2082,וואלד,וואלד,1,,,,
21,וואלדמאן,וואלדמאן,102,,,,
2083,וואלדמאָן,וואלדמאָן,1,,,,
68,וואַלדמאן,וואַלדמאן,40,,,,
966,וואָלדמאן,וואָלדמאן,2,,,,
2084,וואָלדמאַנען,וואָלדמאַנען,1,,,,
648,וואלט,וואלט,3,,,,
273,וואַלט,וואַלט,8,,,,
168,וואָלט,וואָלט,14,,,,
649,וואלךמאן,וואלךמאן,3,,,,
967,וואָלסט,וואָלסט,2,,,,
968,וואלסטוּ,וואלסטוּ,2,,,,
2085,וואָלסטוּ,וואָלסטוּ,1,,,,
2086,וואם,וואם,1,,,,
2087,וָואם,וָואם,1,,,,
2088,וואנגען,וואנגען,1,,,,
2089,וואנד,וואנד,1,,,,
2090,וואַנד,וואַנד,1,,,,
2091,וואנען,וואנען,1,,,,
2092,וואַנען,וואַנען,1,,,,
159,וואס,וואס,15,,,,
46,וואַס,וואַס,57,,,,
30,וואָס,וואָס,91,,,,
274,ווָאס,ווָאס,8,,,,
2093,וֶואס,וֶואס,1,,,,
160,וָואס,וָואס,15,,,,
2094,וָואַס,וָואַס,1,,,,
2095,וואס'זשע,וואס'זשע,1,,,,
2096,וואַס'זשע,וואַס'זשע,1,,,,
2097,וואַס׳זשע,וואַס׳זשע,1,,,,
969,וואָסזשע,וואָסזשע,2,,,,
2098,וואַסער,וואַסער,1,,,,
2099,וואָסעשע,וואָסעשע,1,,,,
2100,וואקסען,וואקסען,1,,,,
2101,ווַאקְסֶען,ווַאקְסֶען,1,,,,
650,וואר,וואר,3,,,,
2102,ווארוּם,ווארוּם,1,,,,
2103,וואַרוּם,וואַרוּם,1,,,,
496,ווארט,ווארט,4,,,,
497,וואָרט,וואָרט,4,,,,
2104,ווארטע,ווארטע,1,,,,
2105,ווארטען,ווארטען,1,,,,
2106,ווארין,ווארין,1,,,,
2107,ווארעל,ווארעל,1,,,,
2108,ווארען,ווארען,1,,,,
970,ווארפט,ווארפט,2,,,,
2109,ווארפֿט,ווארפֿט,1,,,,
2110,וואַרפט,וואַרפט,1,,,,
971,ווארפען,ווארפען,2,,,,
2111,וואש,וואש,1,,,,
2112,וודאלע,וודאלע,1,,,,
31,ווי,ווי,90,,,,
651,ווִי,ווִי,3,,,,
203,וִוי,וִוי,11,,,,
2113,וויא,וויא,1,,,,
972,ווידער,ווידער,2,,,,
2114,ווידערהאַלע,ווידערהאַלע,1,,,,
2115,ווייב,ווייב,1,,,,
401,ווייבּ,ווייבּ,5,,,,
2116,ווֵייבּ,ווֵייבּ,1,,,,
973,ווייבּעלע,ווייבּעלע,2,,,,
2117,ווייַבּער,ווייַבּער,1,,,,
2118,וַוייז,וַוייז,1,,,,
652,ווייזט,ווייזט,3,,,,
2119,ווייזע,ווייזע,1,,,,
2120,ווייזען,ווייזען,1,,,,
653,ווייט,ווייט,3,,,,
2121,וַוייט,וַוייט,1,,,,
2122,ווייַטען,ווייַטען,1,,,,
402,ווייטער,ווייטער,5,,,,
2123,וֵוייטֶער,וֵוייטֶער,1,,,,
177,ווייל,ווייל,13,,,,
2124,וַוייל,וַוייל,1,,,,
2125,וויילע,וויילע,1,,,,
654,וויים,וויים,3,,,,
2126,וַויין,וַויין,1,,,,
498,וויינט,וויינט,4,,,,
974,וויינסטוּ,וויינסטוּ,2,,,,
2127,וויינען,וויינען,1,,,,
975,וויינענד,וויינענד,2,,,,
2128,וויינקעל,וויינקעל,1,,,,
655,ווייס,ווייס,3,,,,
150,ווייסט,ווייסט,16,,,,
2129,וֵוייסְט,וֵוייסְט,1,,,,
499,ווייסטוּ,ווייסטוּ,4,,,,
2130,ווֵייסְטוּ,ווֵייסְטוּ,1,,,,
2131,וִויכְטִיגֶעס,וִויכְטִיגֶעס,1,,,,
69,וויל,וויל,40,,,,
2132,וִויל,וִויל,1,,,,
2133,ווילד,ווילד,1,,,,
2134,ווילדע,ווילדע,1,,,,
2135,ווילדען,ווילדען,1,,,,
309,ווילט,ווילט,7,,,,
2136,ווילסט,ווילסט,1,,,,
2137,וִוילְסְט,וִוילְסְט,1,,,,
219,ווילסטוּ,ווילסטוּ,10,,,,
2138,וִוילסְטוּ,וִוילסְטוּ,1,,,,
656,וִוילְסְטוּ,וִוילְסְטוּ,3,,,,
2139,ווילסטוּז,ווילסטוּז,1,,,,
976,ווילען,ווילען,2,,,,
2140,וִוילֶען,וִוילֶען,1,,,,
977,ווילקאמען,ווילקאמען,2,,,,
2141,ווינואט,ווינואט,1,,,,
2142,ווינק,ווינק,1,,,,
2143,וִוינְק,וִוינְק,1,,,,
2144,ווינשען,ווינשען,1,,,,
2145,וויסט,וויסט,1,,,,
2146,וויסטע,וויסטע,1,,,,
657,וויסען,וויסען,3,,,,
2147,וויעגעלע,וויעגעלע,1,,,,
169,וויעדער,וויעדער,14,,,,
2148,וויענעלע,וויענעלע,1,,,,
2149,וִויפִיעל,וִויפִיעל,1,,,,
2150,וויקעלט,וויקעלט,1,,,,
978,וויר,וויר,2,,,,
187,ווירד,ווירד,12,,,,
2151,ווירסט,ווירסט,1,,,,
2152,ווירסטוּ,ווירסטוּ,1,,,,
2153,וִוירְסְטו,וִוירְסְטו,1,,,,
2154,וִוירְסְטוּ,וִוירְסְטוּ,1,,,,
500,ווירקליך,ווירקליך,4,,,,
979,וִוירְקְלִיך,וִוירְקְלִיך,2,,,,
501,וועג,וועג,4,,,,
2155,וועגעלע,וועגעלע,1,,,,
220,וועגען,וועגען,10,,,,
247,וועה,וועה,9,,,,
980,וֶועה,וֶועה,2,,,,
2156,וועהלט,וועהלט,1,,,,
2157,וועהלען,וועהלען,1,,,,
2158,וועהמען,וועהמען,1,,,,
2159,וועהנליך,וועהנליך,1,,,,
2160,וועהרט,וועהרט,1,,,,
2161,וועהרענד,וועהרענד,1,,,,
981,וועזען,וועזען,2,,,,
87,וועט,וועט,31,,,,
403,וֶועט,וֶועט,5,,,,
2162,וָועט,וָועט,1,,,,
92,וועל,וועל,30,,,,
658,ווֶעל,ווֶעל,3,,,,
188,וֶועל,וֶועל,12,,,,
248,וועלט,וועלט,9,,,,
982,וועלטען,וועלטען,2,,,,
221,וועלכע,וועלכע,10,,,,
2163,וֶועלְכֶע,וֶועלְכֶע,1,,,,
983,וועלכעם,וועלכעם,2,,,,
502,וועלכען,וועלכען,4,,,,
2164,וֶועלְכֶען,וֶועלְכֶען,1,,,,
503,וועלכעס,וועלכעס,4,,,,
659,וועלכער,וועלכער,3,,,,
249,וועלען,וועלען,9,,,,
2165,וועמעם,וועמעם,1,,,,
310,וועמען,וועמען,7,,,,
984,וועמעס,וועמעס,2,,,,
63,ווען,ווען,42,,,,
2166,וועָן,וועָן,1,,,,
660,וֶוען,וֶוען,3,,,,
2167,ווענדעסט,ווענדעסט,1,,,,
2168,ווענטיל,ווענטיל,1,,,,
2169,וועניג,וועניג,1,,,,
2170,ווענינקטענס,ווענינקטענס,1,,,,
985,ווענען,ווענען,2,,,,
661,וועסט,וועסט,3,,,,
2171,וועסטו,וועסטו,1,,,,
404,וועסטוּ,וועסטוּ,5,,,,
2172,וֶועסְטוּ,וֶועסְטוּ,1,,,,
662,וועק,וועק,3,,,,
2173,וֶועק,וֶועק,1,,,,
107,ווער,ווער,23,,,,
663,וֶוער,וֶוער,3,,,,
2174,ווערד,ווערד,1,,,,
986,ווערדע,ווערדע,2,,,,
2175,ווערדען,ווערדען,1,,,,
504,ווערט,ווערט,4,,,,
405,ווערטה,ווערטה,5,,,,
2176,ווערטי,ווערטי,1,,,,
505,ווערטער,ווערטער,4,,,,
2177,ווערין,ווערין,1,,,,
189,ווערען,ווערען,12,,,,
506,וֶוערֶען,וֶוערֶען,4,,,,
2178,וֶוערָען,וֶוערָען,1,,,,
2179,ווערקצייג,ווערקצייג,1,,,,
987,ויבשר,ויבשר,2,,,,
2180,וייטעדות,וייטעדות,1,,,,
2181,וכט,וכט,1,,,,
2182,ומז'ט,ומז'ט,1,,,,
2183,ונהמות,ונהמות,1,,,,
2184,ועלום,ועלום,1,,,,
2185,ורוהם,ורוהם,1,,,,
2186,ושקר,ושקר,1,,,,
664,ז,ז,3,,,,
507,זא,זא,4,,,,
2187,זאָ,זאָ,1,,,,
343,זָא,זָא,6,,,,
2188,זאאָל,זאאָל,1,,,,
2189,זאַאַל,זאַאַל,1,,,,
140,זאָג,זאָג,17,,,,
2190,זָאג,זָאג,1,,,,
508,זאגט,זאגט,4,,,,
2191,זאַגְט,זאַגְט,1,,,,
665,זאָגט,זאָגט,3,,,,
988,זָאגְט,זָאגְט,2,,,,
2192,זָאגְסְט,זָאגְסְט,1,,,,
989,זאגען,זאגען,2,,,,
2193,זאַגען,זאַגען,1,,,,
666,זאָגען,זאָגען,3,,,,
509,זָאגֶען,זָאגֶען,4,,,,
2194,זאַכע,זאַכע,1,,,,
275,זאל,זאל,8,,,,
2195,זאַל,זאַל,1,,,,
70,זאָל,זאָל,40,,,,
276,זָאל,זָאל,8,,,,
2196,זאָלזי,זאָלזי,1,,,,
667,זאלט,זאלט,3,,,,
406,זאַלט,זאַלט,5,,,,
668,זאָלט,זאָלט,3,,,,
669,זָאלְט,זָאלְט,3,,,,
2197,זאלכט,זאלכט,1,,,,
2198,זאלכע,זאלכע,1,,,,
2199,זאָלכע,זאָלכע,1,,,,
510,זאָלסט,זאָלסט,4,,,,
990,זָאלְסְט,זָאלְסְט,2,,,,
991,זאלסטוּ,זאלסטוּ,2,,,,
222,זאָלסטוּ,זאָלסטוּ,10,,,,
344,זאלען,זאלען,6,,,,
992,זאַלען,זאַלען,2,,,,
993,זאלצען,זאלצען,2,,,,
2200,זאמען,זאמען,1,,,,
994,זאנאר,זאנאר,2,,,,
511,זאנט,זאנט,4,,,,
995,זאַנט,זאַנט,2,,,,
2201,זאָנט,זאָנט,1,,,,
2202,זאנסט,זאנסט,1,,,,
2203,זאנע,זאנע,1,,,,
2204,זאנען,זאנען,1,,,,
2205,זַאנְפְט,זַאנְפְט,1,,,,
670,זאנפטע,זאנפטע,3,,,,
2206,זארגע,זארגע,1,,,,
2207,זָארְגֶען,זָארְגֶען,1,,,,
2208,זבריה,זבריה,1,,,,
2209,זו,זו,1,,,,
512,זוהן,זוהן,4,,,,
996,זוּהן,זוּהן,2,,,,
2210,זוּכט,זוּכט,1,,,,
2211,זוּכסטוּ,זוּכסטוּ,1,,,,
407,זוּכען,זוּכען,5,,,,
997,זוּנדערן,זוּנדערן,2,,,,
18,זי,זי,118,,,,
250,זִי,זִי,9,,,,
513,זיא,זיא,4,,,,
2212,זידבורה'לע,זידבורה'לע,1,,,,
2213,זִיהן,זִיהן,1,,,,
151,זיי,זיי,16,,,,
2214,זֵיי,זֵיי,1,,,,
2215,זייד,זייד,1,,,,
2216,זַיידֶען,זַיידֶען,1,,,,
345,זייט,זייט,6,,,,
2217,זײַט,זײַט,1,,,,
2218,זֵייט,זֵייט,1,,,,
2219,זייטע,זייטע,1,,,,
56,זיין,זיין,48,,,,
346,זייַן,זייַן,6,,,,
124,זײַן,זײַן,19,,,,
204,זַיין,זַיין,11,,,,
998,זַײן,זַײן,2,,,,
2220,זייניגע,זייניגע,1,,,,
2221,זַיינִיגֶע,זַיינִיגֶע,1,,,,
2222,זֵיינִיטְוֶועגֶען,זֵיינִיטְוֶועגֶען,1,,,,
2223,זיינים,זיינים,1,,,,
2224,זיינינע,זיינינע,1,,,,
205,זיינע,זיינע,11,,,,
2225,זייַנע,זייַנע,1,,,,
2226,זֵיינֶע,זֵיינֶע,1,,,,
999,זַיינֶע,זַיינֶע,2,,,,
2227,זיינעט,זיינעט,1,,,,
2228,זַיינֶעם,זַיינֶעם,1,,,,
1000,זיינער,זיינער,2,,,,
2229,זֵייעֶר,זֵייעֶר,1,,,,
2230,זייערע,זייערע,1,,,,
2231,זייפצער,זייפצער,1,,,,
54,זיך,זיך,51,,זִיךְ,,
408,זיךְ,זיךְ,5,,זִיךְ,,
347,זִיך,זִיך,6,,,,
514,זיכער,זיכער,4,,,,
2232,זיכערן,זיכערן,1,,,,
2233,זיכֶערֶע,זיכֶערֶע,1,,,,
2234,זינג,זינג,1,,,,
348,זינגט,זינגט,6,,,,
409,זינגען,זינגען,5,,,,
2235,זינגענד,זינגענד,1,,,,
2236,זינגענדיג,זינגענדיג,1,,,,
671,זינד,זינד,3,,,,
1001,זינען,זינען,2,,,,
2237,זינקען,זינקען,1,,,,
2238,זיס,זיס,1,,,,
2239,זיסע,זיסע,1,,,,
2240,זִיסֶע,זִיסֶע,1,,,,
2241,זיסעם,זיסעם,1,,,,
2242,זיען,זיען,1,,,,
349,זִיעס,זִיעס,6,,,,
2243,זיעסע,זיעסע,1,,,,
2244,זיעָסע,זיעָסע,1,,,,
2245,זִיפּעט,זִיפּעט,1,,,,
2246,זיפץ,זיפץ,1,,,,
2247,זיפצט,זיפצט,1,,,,
410,זיצט,זיצט,5,,,,
2248,זכוּר,זכוּר,1,,,,
2249,זכוּתו,זכוּתו,1,,,,
2250,זמר,זמר,1,,,,
2251,זעגענט,זעגענט,1,,,,
277,זעה,זעה,8,,,,
1002,זֶעה,זֶעה,2,,,,
2252,זעהזי,זעהזי,1,,,,
311,זעהט,זעהט,7,,,,
161,זעהן,זעהן,15,,,,
2253,זעָהן,זעָהן,1,,,,
672,זֶעהן,זֶעהן,3,,,,
2254,זעהנזוּכט,זעהנזוּכט,1,,,,
2255,זעהנע,זעהנע,1,,,,
673,זעהסט,זעהסט,3,,,,
2256,זֶעהסְט,זֶעהסְט,1,,,,
515,זעהסטוּ,זעהסטוּ,4,,,,
1003,זעהע,זעהע,2,,,,
190,זעהען,זעהען,12,,,,
1004,זעהעָן,זעהעָן,2,,,,
2257,זֶעהֶען,זֶעהֶען,1,,,,
2258,זעהענדיג,זעהענדיג,1,,,,
2259,זעהענדיגען,זעהענדיגען,1,,,,
674,זעהענדען,זעהענדען,3,,,,
1005,זעהענדער,זעהענדער,2,,,,
516,זעהר,זעהר,4,,,,
2260,זֶעהר,זֶעהר,1,,,,
2261,זעלבסט,זעלבסט,1,,,,
350,זעלבּסט,זעלבּסט,6,,,,
411,זעלבּע,זעלבּע,5,,,,
2262,זעלבּען,זעלבּען,1,,,,
1006,זעלטענע,זעלטענע,2,,,,
2263,זעליגען,זעליגען,1,,,,
170,זענט,זענט,14,,,,
191,זענען,זענען,12,,,,
1007,זענעָן,זענעָן,2,,,,
2264,זעָנען,זעָנען,1,,,,
675,זֶענֶען,זֶענֶען,3,,,,
2265,זעסעלע,זעסעלע,1,,,,
412,זעעלע,זעעלע,5,,,,
2266,זעענע,זעענע,1,,,,
2267,זעצט,זעצט,1,,,,
2268,זעצען,זעצען,1,,,,
2269,זשע,זשע,1,,,,
1008,זְשֶע,זְשֶע,2,,,,
351,ח,ח,6,,,,
2270,חַ,חַ,1,,,,
312,חא,חא,7,,,,
2271,חאַ,חאַ,1,,,,
1009,חאטש,חאטש,2,,,,
2272,חאטשע,חאטשע,1,,,,
2273,חַאפּ,חַאפּ,1,,,,
2274,חאפט,חאפט,1,,,,
2275,חאפּט,חאפּט,1,,,,
141,חד,חד,17,,,,
2276,חודש,חודש,1,,,,
517,חוזק,חוזק,4,,,,
2277,חון,חון,1,,,,
1010,חופה,חופה,2,,,,
2278,חוּפה,חוּפה,1,,,,
313,חוּפּה,חוּפּה,7,,,,
676,חזן,חזן,3,,,,
1011,חַזָן,חַזָן,2,,,,
2279,חַזֶנְ'טֶע,חַזֶנְ'טֶע,1,,,,
2280,חַזָן'ס,חַזָן'ס,1,,,,
2281,חַזָן‘ס,חַזָן‘ס,1,,,,
2282,חזניש,חזניש,1,,,,
192,חי,חי,12,,,,
2283,חילק,חילק,1,,,,
2284,חין,חין,1,,,,
2285,חיןטע,חיןטע,1,,,,
2286,חכם,חכם,1,,,,
2287,חכמה,חכמה,1,,,,
518,חלום,חלום,4,,,,
1012,חָלום,חָלום,2,,,,
2288,חָלום'ט,חָלום'ט,1,,,,
2289,חלומות,חלומות,1,,,,
677,חלילה,חלילה,3,,,,
2290,חליפעט,חליפעט,1,,,,
2291,חליפענד,חליפענד,1,,,,
2292,חלעבּען,חלעבּען,1,,,,
2293,חלען,חלען,1,,,,
2294,חלש'ן,חלש'ן,1,,,,
2295,חלשן,חלשן,1,,,,
2296,חלשען,חלשען,1,,,,
1013,חמתך,חמתך,2,,,,
2297,חן,חן,1,,,,
678,חן'טע,חן'טע,3,,,,
1014,חן'ס,חן'ס,2,,,,
2298,חנוּת,חנוּת,1,,,,
1015,חסרון,חסרון,2,,,,
2299,חען,חען,1,,,,
1016,חרוסת,חרוסת,2,,,,
1017,חתוּנה,חתוּנה,2,,,,
413,חתן,חתן,5,,,,
2300,חתנ'ס,חתנ'ס,1,,,,
2301,ט,ט,1,,,,
2302,טאבּילע,טאבּילע,1,,,,
2303,טאג,טאג,1,,,,
352,טאָג,טאָג,6,,,,
414,טָאג,טָאג,5,,,,
2304,טַאגֶע,טַאגֶע,1,,,,
251,טאטע,טאטע,9,,,,
2305,טאַטע,טאַטע,1,,,,
252,טַאטֶע,טַאטֶע,9,,,,
2306,טאָטען,טאָטען,1,,,,
253,טַאטֶען,טַאטֶען,9,,,,
2307,טַאטֶעס,טַאטֶעס,1,,,,
223,טאכטער,טאכטער,10,,,,
278,טאַכטער,טאַכטער,8,,,,
224,טאָכטער,טאָכטער,10,,,,
1018,טָאכְטֶער,טָאכְטֶער,2,,,,
2308,טאַכטערס,טאַכטערס,1,,,,
2309,טאָנ,טאָנ,1,,,,
2310,טָאנ,טָאנ,1,,,,
2311,טאנע,טאנע,1,,,,
679,טאנץ,טאנץ,3,,,,
2312,טַאנְצְט,טַאנְצְט,1,,,,
1019,טאנצעשע,טאנצעשע,2,,,,
2313,טאַפט,טאַפט,1,,,,
2314,טאקטען,טאקטען,1,,,,
519,טאקי,טאקי,4,,,,
1020,טאקע,טאקע,2,,,,
1021,טאָקע,טאָקע,2,,,,
2315,טארבּעס,טארבּעס,1,,,,
225,טאש,טאש,10,,,,
520,טאשע,טאשע,4,,,,
2316,טהאטען,טהאטען,1,,,,
2317,טהוּ,טהוּ,1,,,,
279,טהוּט,טהוּט,8,,,,
2318,טְהוּט,טְהוּט,1,,,,
178,טהון,טהון,13,,,,
206,טהוּן,טהוּן,11,,,,
353,טְהון,טְהון,6,,,,
680,טְהוּן,טְהוּן,3,,,,
2319,טְהוסְטוּ,טְהוסְטוּ,1,,,,
1022,טְהוּסְטוּ,טְהוּסְטוּ,2,,,,
2320,טהוּע,טהוּע,1,,,,
2321,טהייערע,טהייערע,1,,,,
2322,טהייערער,טהייערער,1,,,,
314,טהיר,טהיר,7,,,,
171,טוב,טוב,14,,,,
681,טובות,טובות,3,,,,
2323,טוועה,טוועה,1,,,,
2324,טויבּ,טויבּ,1,,,,
1023,טויג,טויג,2,,,,
354,טויזענד,טויזענד,6,,,,
2325,טויזענדע,טויזענדע,1,,,,
2326,טויזענר,טויזענר,1,,,,
1024,טוכה,טוכה,2,,,,
2327,טועה,טועה,1,,,,
2328,טייבּעלע,טייבּעלע,1,,,,
682,טייערע,טייערע,3,,,,
2329,טייערעם,טייערעם,1,,,,
683,טייפעל,טייפעל,3,,,,
2330,טיען,טיען,1,,,,
684,טיש,טיש,3,,,,
685,טעות,טעות,3,,,,
2331,טעוּת,טעוּת,1,,,,
1025,טעכטעריל,טעכטעריל,2,,,,
2332,טעכטערליך,טעכטערליך,1,,,,
1026,טעלער,טעלער,2,,,,
2333,טערק,טערק,1,,,,
2334,טפוי,טפוי,1,,,,
2335,טראַגט,טראַגט,1,,,,
2336,טְרָאגְט,טְרָאגְט,1,,,,
2337,טראגען,טראגען,1,,,,
2338,טראַכט,טראַכט,1,,,,
2339,טראנען,טראנען,1,,,,
2340,טרויאוּנג,טרויאוּנג,1,,,,
1027,טרוים,טרוים,2,,,,
2341,טרויסט,טרויסט,1,,,,
2342,טרויען,טרויען,1,,,,
2343,טְרוּקֶענְט,טְרוּקֶענְט,1,,,,
2344,טרייבט,טרייבט,1,,,,
2345,טריימענד,טריימענד,1,,,,
686,טרייע,טרייע,3,,,,
2346,טְרַייעֶ,טְרַייעֶ,1,,,,
2347,טרייעם,טרייעם,1,,,,
1028,טרייעס,טרייעס,2,,,,
2348,טְרֵייעֶס,טְרֵייעֶס,1,,,,
2349,טרייער,טרייער,1,,,,
2350,טריישאפט,טריישאפט,1,,,,
2351,טְרִינְקֶען,טְרִינְקֶען,1,,,,
1029,טרעטען,טרעטען,2,,,,
521,טרעפען,טרעפען,4,,,,
2352,טרער,טרער,1,,,,
415,טרערען,טרערען,5,,,,
1030,טשעק,טשעק,2,,,,
105,יא,יא,24,,,,
2353,יאַ,יאַ,1,,,,
207,יאָ,יאָ,11,,,,
687,יָא,יָא,3,,,,
1031,יאה,יאה,2,,,,
2354,יאָה,יאָה,1,,,,
2355,יָאה,יָאה,1,,,,
522,יאהר,יאהר,4,,,,
688,יאָהר,יאָהר,3,,,,
523,יאָהרען,יאָהרען,4,,,,
2356,יאכגע,יאכגע,1,,,,
280,יאַכגע,יאַכגע,8,,,,
1032,יאָכגע,יאָכגע,2,,,,
416,יאכנע,יאכנע,5,,,,
93,יאַכנע,יאַכנע,30,,,,
524,יאָכנע,יאָכנע,4,,,,
2357,יאַכע,יאַכע,1,,,,
2358,יאַמער,יאַמער,1,,,,
2359,יברך,יברך,1,,,,
2360,יגן,יגן,1,,,,
2361,ידַאלֶען,ידַאלֶען,1,,,,
2362,יהוּדא'לע,יהוּדא'לע,1,,,,
2363,יהוּרהלע,יהוּרהלע,1,,,,
2364,יוגֶענְד,יוגֶענְד,1,,,,
417,יוּד,יוּד,5,,,,
2365,יוּדא'לע,יוּדא'לע,1,,,,
37,יודאלע,יודאלע,67,,,,
2366,יודאַלע,יודאַלע,1,,,,
88,יוּדאלע,יוּדאלע,31,,,,
355,יוּדאַלע,יוּדאַלע,6,,,,
281,יוּדַאלֶע,יוּדַאלֶע,8,,,,
2367,יוּדאלע'ן,יוּדאלע'ן,1,,,,
2368,יוּדאלע'ס,יוּדאלע'ס,1,,,,
282,יוּדאלען,יוּדאלען,8,,,,
2369,יודאַלעס,יודאַלעס,1,,,,
2370,יוּדאַלעס,יוּדאַלעס,1,,,,
2371,יוּדישע,יוּדישע,1,,,,
2372,יוּדִישֶע,יוּדִישֶע,1,,,,
2373,יודעל,יודעל,1,,,,
1033,יוּדעלע,יוּדעלע,2,,,,
1034,יוּדעלעך,יוּדעלעך,2,,,,
2374,יודען,יודען,1,,,,
1035,יוּדען,יוּדען,2,,,,
2375,יוּדענעס,יוּדענעס,1,,,,
2376,יוּך,יוּך,1,,,,
2377,יוּךאלע,יוּךאלע,1,,,,
2378,יום,יום,1,,,,
1036,יוּנג,יוּנג,2,,,,
2379,יוּנגסטע,יוּנגסטע,1,,,,
1037,יונגע,יונגע,2,,,,
1038,יוּנגעל,יוּנגעל,2,,,,
1039,יונגער,יונגער,2,,,,
689,יוּנגער,יוּנגער,3,,,,
1040,יוּנגערמאן,יוּנגערמאן,2,,,,
2380,יוּנְגֶערמַאן,יוּנְגֶערמַאן,1,,,,
2381,יונגערע,יונגערע,1,,,,
2382,יוּנְגֶערֶע,יוּנְגֶערֶע,1,,,,
2383,יוסף,יוסף,1,,,,
2384,יוראלע,יוראלע,1,,,,
2385,יורש,יורש,1,,,,
1041,יחיד,יחיד,2,,,,
2386,יָחִיד’ל,יָחִיד’ל,1,,,,
2387,יחידל,יחידל,1,,,,
1042,יידאלע,יידאלע,2,,,,
2388,יכא,יכא,1,,,,
2389,יסוּרים,יסוּרים,1,,,,
2390,יסוּרים'לעך,יסוּרים'לעך,1,,,,
2391,יעדע,יעדע,1,,,,
2392,יעדעם,יעדעם,1,,,,
690,יעדען,יעדען,3,,,,
525,יעדער,יעדער,4,,,,
2393,יעהריג,יעהריג,1,,,,
2394,יעהרינער,יעהרינער,1,,,,
2395,יֶעכְטְץ,יֶעכְטְץ,1,,,,
2396,יעמאַנד,יעמאַנד,1,,,,
2397,יעמאנדען,יעמאנדען,1,,,,
526,יענע,יענע,4,,,,
2398,יענעם,יענעם,1,,,,
2399,יענער,יענער,1,,,,
2400,יעָנקעלע,יעָנקעלע,1,,,,
254,יעצט,יעצט,9,,,,
1043,יֶעצְט,יֶעצְט,2,,,,
42,ירוהם,ירוהם,62,,,,
418,ירוּהם,ירוּהם,5,,,,
2401,ירוהס,ירוהס,1,,,,
2402,ירוחט,ירוחט,1,,,,
100,ירוחם,ירוחם,26,,,,
2403,ירוּחם,ירוּחם,1,,,,
2404,ירוחם'ס,ירוחם'ס,1,,,,
1044,ירוחס,ירוחס,2,,,,
2405,יש,יש,1,,,,
2406,ישועות,ישועות,1,,,,
1045,ישלח,ישלח,2,,,,
2407,ישמרני,ישמרני,1,,,,
1046,יתום,יתום,2,,,,
2408,יתומים,יתומים,1,,,,
2409,כְ’הָאבּ,כְ’הָאבּ,1,,,,
2410,כּהן,כּהן,1,,,,
2411,כּוס,כּוס,1,,,,
2412,כוסות,כוסות,1,,,,
1047,כּוסות,כּוסות,2,,,,
2413,כּחַ,כּחַ,1,,,,
1048,כּל,כּל,2,,,,
162,כּלה,כּלה,15,,,,
2414,כע,כע,1,,,,
2415,לאהן,לאהן,1,,,,
283,לאז,לאז,8,,,,
1049,לאַז,לאַז,2,,,,
527,לאזט,לאזט,4,,,,
1050,לאָזט,לאָזט,2,,,,
2416,לֶאזְט,לֶאזְט,1,,,,
2417,לָאזְט,לָאזְט,1,,,,
1051,לאזען,לאזען,2,,,,
2418,לָאזֶען,לָאזֶען,1,,,,
528,לאט,לאט,4,,,,
691,לאָט,לאָט,3,,,,
1052,לאטיינער,לאטיינער,2,,,,
1053,לאטישע,לאטישע,2,,,,
2419,לאך,לאך,1,,,,
2420,לאַכט,לאַכט,1,,,,
2421,לַאכְסְט,לַאכְסְט,1,,,,
692,לאכען,לאכען,3,,,,
2422,לַאכֶען,לַאכֶען,1,,,,
2423,לָאמֶער,לָאמֶער,1,,,,
284,לאנג,לאנג,8,,,,
2424,לאַנג,לאַנג,1,,,,
693,לַאנְג,לַאנְג,3,,,,
2425,לאנגאם,לאנגאם,1,,,,
1054,לאנגזאם,לאנגזאם,2,,,,
2426,לאַנט,לאַנט,1,,,,
694,לאסט,לאסט,3,,,,
2427,לאַסט,לאַסט,1,,,,
2428,לאָסט,לאָסט,1,,,,
1055,לאסען,לאסען,2,,,,
2429,לאען,לאען,1,,,,
2430,לבנוּ,לבנוּ,1,,,,
695,לויט,לויט,3,,,,
2431,לויף,לויף,1,,,,
696,לויפט,לויפט,3,,,,
2432,לויפען,לויפען,1,,,,
2433,לוּפט,לוּפט,1,,,,
2434,לטוב,לטוב,1,,,,
2435,לטובה,לטובה,1,,,,
2436,לֵיבּ,לֵיבּ,1,,,,
2437,לִיגְט,לִיגְט,1,,,,
2438,ליגען,ליגען,1,,,,
697,ליגענד,ליגענד,3,,,,
2439,ליגענט,ליגענט,1,,,,
2440,ליגעער,ליגעער,1,,,,
2441,לידעלע,לידעלע,1,,,,
1056,לייד,לייד,2,,,,
1057,ליידען,ליידען,2,,,,
2442,לַיידֶען,לַיידֶען,1,,,,
2443,ליידענשאפט,ליידענשאפט,1,,,,
2444,ליידענשאפטליך,ליידענשאפטליך,1,,,,
1058,ליידער,ליידער,2,,,,
1059,לייכט,לייכט,2,,,,
2445,לייצעס,לייצעס,1,,,,
208,ליכט,ליכט,11,,,,
1060,ליכטיגע,ליכטיגע,2,,,,
2446,ליכטענדער,ליכטענדער,1,,,,
2447,לינען,לינען,1,,,,
2448,לינקער,לינקער,1,,,,
226,ליעבּ,ליעבּ,10,,,,
2449,לִיעב,לִיעב,1,,,,
1061,לִיעבּ,לִיעבּ,2,,,,
1062,ליעבּט,ליעבּט,2,,,,
131,ליעבּע,ליעבּע,18,,,,
2450,לִיעבֶּע,לִיעבֶּע,1,,,,
1063,לִיעבֶּע,לִיעבֶּע,2,,,,
1064,ליעבּען,ליעבּען,2,,,,
419,ליעבּעס,ליעבּעס,5,,,,
2451,ליעבּעספאלע,ליעבּעספאלע,1,,,,
227,ליעבּער,ליעבּער,10,,,,
2452,ליעגט,ליעגט,1,,,,
2453,ליעגע,ליעגע,1,,,,
2454,ליעד,ליעד,1,,,,
2455,ליעכע,ליעכע,1,,,,
529,ליענט,ליענט,4,,,,
2456,ליענען,ליענען,1,,,,
1065,ליפּען,ליפּען,2,,,,
2457,לכבוך,לכבוך,1,,,,
2458,לְכָכוֹד,לְכָכוֹד,1,,,,
2459,לְמַעְן,לְמַעְן,1,,,,
2460,למְָשָל,למְָשָל,1,,,,
530,לנוּ,לנוּ,4,,,,
2461,לעבּ,לעבּ,1,,,,
2462,לעבּט,לעבּט,1,,,,
2463,לעבען,לעבען,1,,,,
89,לעבּען,לעבּען,31,,,,
420,לֶעבֶּען,לֶעבֶּען,5,,,,
698,לֶעבֶּען,לֶעבֶּען,3,,,,
699,לעגט,לעגט,3,,,,
2464,לעגען,לעגען,1,,,,
2465,לעווין,לעווין,1,,,,
2466,לעזט,לעזט,1,,,,
2467,לעך,לעך,1,,,,
2468,לעכטיגע,לעכטיגע,1,,,,
2469,לעמעלע,לעמעלע,1,,,,
2470,לעצט,לעצט,1,,,,
700,לעצטע,לעצטע,3,,,,
2471,לעקעש,לעקעש,1,,,,
2472,לעקציע,לעקציע,1,,,,
2473,לערנט,לערנט,1,,,,
1066,לערנען,לערנען,2,,,,
2474,לֶערְנֶען,לֶערְנֶען,1,,,,
1067,לשון,לשון,2,,,,
2475,מ,מ,1,,,,
2476,מ05,מ05,1,,,,
531,מאהל,מאהל,4,,,,
2477,מאָהל,מאָהל,1,,,,
2478,מאָהלער,מאָהלער,1,,,,
1068,מאַין,מאַין,2,,,,
532,מאך,מאך,4,,,,
701,מאכט,מאכט,3,,,,
533,מאַכט,מאַכט,4,,,,
1069,מאכסט,מאכסט,2,,,,
2479,מאכסטוּ,מאכסטוּ,1,,,,
1070,מאכע,מאכע,2,,,,
193,מאכען,מאכען,12,,,,
2480,מאַכען,מאַכען,1,,,,
1071,מאכער,מאכער,2,,,,
315,מאל,מאל,7,,,,
534,מאַל,מאַל,4,,,,
702,מאָל,מאָל,3,,,,
2481,מָאל,מָאל,1,,,,
2482,מאלער,מאלער,1,,,,
421,מאמע,מאמע,5,,,,
703,מאמען,מאמען,3,,,,
2483,מַאמֶען,מַאמֶען,1,,,,
125,מאן,מאן,19,,,,
1072,מַאן,מַאן,2,,,,
2484,מאן'ס,מאן'ס,1,,,,
2485,מאנט,מאנט,1,,,,
1073,מאנכע,מאנכע,2,,,,
2486,מאָסט,מאָסט,1,,,,
2487,מאָסטוּ,מאָסטוּ,1,,,,
2488,מאסקע,מאסקע,1,,,,
422,מארגען,מארגען,5,,,,
2489,מאָרגען,מאָרגען,1,,,,
2490,מארגענשטערן,מארגענשטערן,1,,,,
2491,מארטירערין,מארטירערין,1,,,,
2492,מארנען,מארנען,1,,,,
2493,מארק,מארק,1,,,,
2494,מארקט,מארקט,1,,,,
2495,מבינות,מבינות,1,,,,
2496,מדר,מדר,1,,,,
1074,מה,מה,2,,,,
2497,מהוּמה,מהוּמה,1,,,,
2498,מוז,מוז,1,,,,
179,מוּז,מוּז,13,,,,
2499,מוּזט,מוּזט,1,,,,
2500,מוזיק,מוזיק,1,,,,
2501,מוּזיק,מוּזיק,1,,,,
2502,מוּזיקאלישער,מוּזיקאלישער,1,,,,
2503,מוזֶען,מוזֶען,1,,,,
2504,מוחַ,מוחַ,1,,,,
535,מוחל,מוחל,4,,,,
2505,מוּט,מוּט,1,,,,
423,מוטער,מוטער,5,,,,
704,מוּטער,מוּטער,3,,,,
2506,מוּטֶער,מוּטֶער,1,,,,
228,מויד,מויד,10,,,,
705,מויך,מויך,3,,,,
2507,מוּמחה,מוּמחה,1,,,,
2508,מומֶען,מומֶען,1,,,,
2509,מון,מון,1,,,,
1075,מוּן,מוּן,2,,,,
2510,מונְטֶער,מונְטֶער,1,,,,
2511,מוּס,מוּס,1,,,,
2512,מוסטוּ,מוסטוּ,1,,,,
1076,מוּסָר,מוּסָר,2,,,,
1077,מוּען,מוּען,2,,,,
2513,מוצא,מוצא,1,,,,
706,מורא,מורא,3,,,,
2514,מורָא,מורָא,1,,,,
2515,מורה,מורה,1,,,,
2516,מורינוּ,מורינוּ,1,,,,
2517,מזוג,מזוג,1,,,,
285,מזל,מזל,8,,,,
707,מחוּתן,מחוּתן,3,,,,
2518,מחילה,מחילה,1,,,,
2519,מטריח,מטריח,1,,,,
2520,מיהע,מיהע,1,,,,
2521,מיון,מיון,1,,,,
16,מיט,מיט,123,,,,
286,מִיט,מִיט,8,,,,
708,מיט'ן,מיט'ן,3,,,,
2522,מִיטָאג,מִיטָאג,1,,,,
2523,מיטגעריסען,מיטגעריסען,1,,,,
1078,מיטלייד,מיטלייד,2,,,,
424,מיטעל,מיטעל,5,,,,
536,מיטען,מיטען,4,,,,
2524,מיטערנאַכט,מיטערנאַכט,1,,,,
356,מיידעל,מיידעל,6,,,,
1079,מיידעלע,מיידעלע,2,,,,
2525,מיידעלעך,מיידעלעך,1,,,,
2526,מייך,מייך,1,,,,
2527,מיימיימיין,מיימיימיין,1,,,,
19,מיין,מיין,115,,,,
709,מייַן,מייַן,3,,,,
425,מֵיין,מֵיין,5,,,,
132,מַיין,מַיין,18,,,,
1080,מיינט,מיינט,2,,,,
2528,מֵיינְט,מֵיינְט,1,,,,
2529,מייןישוועסטער,מייןישוועסטער,1,,,,
2530,מיינסטוּ,מיינסטוּ,1,,,,
710,מֵיינְסְטוּ,מֵיינְסְטוּ,3,,,,
74,מיינע,מיינע,37,,,,
2531,מייַנע,מייַנע,1,,,,
2532,מֵיינֶע,מֵיינֶע,1,,,,
1081,מַיינֶע,מַיינֶע,2,,,,
2533,מיינעט,מיינעט,1,,,,
2534,מיינעטווענען,מיינעטווענען,1,,,,
537,מיינעם,מיינעם,4,,,,
2535,מיינען,מיינען,1,,,,
538,מיינער,מיינער,4,,,,
2536,מֵייעֶרְן,מֵייעֶרְן,1,,,,
2537,מיישטער,מיישטער,1,,,,
38,מיך,מיך,67,,מִיךְ,,
2538,מיךְ,מיךְ,1,,מִיךְ,,
229,מִיך,מִיך,10,,מִיךְ,,
2539,מיליאנען,מיליאנען,1,,,,
2540,מימלייך,מימלייך,1,,,,
1082,מין,מין,2,,,,
711,מינוּט,מינוּט,3,,,,
2541,מינוּטע,מינוּטע,1,,,,
2542,מינע,מינע,1,,,,
14,מיר,מיר,162,,,,
108,מִיר,מִיר,23,,,,
712,מיש,מיש,3,,,,
2543,מִישֶען,מִישֶען,1,,,,
2544,מיתה,מיתה,1,,,,
2545,מכּה,מכּה,1,,,,
2546,מל,מל,1,,,,
1083,מלא,מלא,2,,,,
2547,מלאָך,מלאָך,1,,,,
2548,מַלְאָך,מַלְאָך,1,,,,
2549,מלאָכיל,מלאָכיל,1,,,,
2550,מלאָכים,מלאָכים,1,,,,
713,מן,מן,3,,,,
426,מע,מע,5,,,,
1084,מעג,מעג,2,,,,
2551,מעגט,מעגט,1,,,,
427,מעגליך,מעגליך,5,,,,
714,מעדיצין,מעדיצין,3,,,,
2552,מעדכען,מעדכען,1,,,,
109,מעהר,מעהר,23,,,,
357,מֶעהר,מֶעהר,6,,,,
2553,מעךכען,מעךכען,1,,,,
715,מעל,מעל,3,,,,
1085,מעם,מעם,2,,,,
117,מען,מען,20,,,,
287,מֶען,מֶען,8,,,,
2554,מענגע,מענגע,1,,,,
2555,מעןטע,מעןטע,1,,,,
2556,מענסט,מענסט,1,,,,
1086,מענער,מענער,2,,,,
1087,מענשהייט,מענשהייט,2,,,,
2557,מענשט,מענשט,1,,,,
428,מענשען,מענשען,5,,,,
1088,מעשה,מעשה,2,,,,
2558,מצות,מצות,1,,,,
2559,מציה,מציה,1,,,,
1089,מרדכי,מרדכי,2,,,,
1090,משאַלות,משאַלות,2,,,,
2560,משבּחה,משבּחה,1,,,,
2561,משֶה,משֶה,1,,,,
1091,משוגע,משוגע,2,,,,
2562,משוּנה,משוּנה,1,,,,
2563,משוּנע,משוּנע,1,,,,
1092,משורר,משורר,2,,,,
716,משוררים,משוררים,3,,,,
2564,משל,משל,1,,,,
2565,מִשְפָּחָה,מִשְפָּחָה,1,,,,
2566,משרת,משרת,1,,,,
2567,מתּנה,מתּנה,1,,,,
133,נא,נא,18,,,,
2568,נאַ,נאַ,1,,,,
2569,נאָ,נאָ,1,,,,
2570,נאאר,נאאר,1,,,,
106,נאט,נאט,24,,,,
2571,נאָט,נאָט,1,,,,
2572,נָאט,נָאט,1,,,,
2573,נאט'יניוּ,נאט'יניוּ,1,,,,
2574,נאט'ס,נאט'ס,1,,,,
2575,נאטיילך,נאטיילך,1,,,,
2576,נאטירליכע,נאטירליכע,1,,,,
2577,נאַטירליכען,נאַטירליכען,1,,,,
429,נאטען,נאטען,5,,,,
2578,נאָטען,נאָטען,1,,,,
1093,נָאטֶען,נָאטֶען,2,,,,
1094,נאטעניוּ,נאטעניוּ,2,,,,
2579,נאַטעניוּ,נאַטעניוּ,1,,,,
2580,נאטעס,נאטעס,1,,,,
52,נאך,נאך,54,,נאךְ,,
1095,נאךְ,נאךְ,2,,,,
430,נאָך,נאָך,5,,,,
2581,נאכדעם,נאכדעם,1,,,,
2582,נאָכדעם,נאָכדעם,1,,,,
2583,נָאכְדֶעם,נָאכְדֶעם,1,,,,
2584,נאכהער,נאכהער,1,,,,
1096,נאכט,נאכט,2,,,,
539,נאַכט,נאַכט,4,,,,
431,נַאכְט,נַאכְט,5,,,,
2585,נַאכְטְמָאל,נַאכְטְמָאל,1,,,,
2586,נאכלעסינקייט,נאכלעסינקייט,1,,,,
2587,נַאכְרִיכְט,נַאכְרִיכְט,1,,,,
2588,נאלד,נאלד,1,,,,
2589,נאָלד,נאָלד,1,,,,
2590,נאַלדאַרבּ,נאַלדאַרבּ,1,,,,
2591,נאלסטוּ,נאלסטוּ,1,,,,
2592,נאלץ,נאלץ,1,,,,
717,נאמען,נאמען,3,,,,
1097,נאָמען,נאָמען,2,,,,
718,נאנץ,נאנץ,3,,,,
1098,נאנצע,נאנצע,2,,,,
719,נאנצען,נאנצען,3,,,,
2593,נאנצער,נאנצער,1,,,,
2594,נאַנצער,נאַנצער,1,,,,
2595,נאָס,נאָס,1,,,,
432,נאר,נאר,5,,,,
358,נאָר,נאָר,6,,,,
2596,נארטען,נארטען,1,,,,
2597,נארישעס,נארישעס,1,,,,
2598,נארישער,נארישער,1,,,,
2599,נאָרישער,נאָרישער,1,,,,
2600,נג,נג,1,,,,
2601,נגון,נגון,1,,,,
1099,נגידיש,נגידיש,2,,,,
2602,נגם,נגם,1,,,,
126,נדיא,נדיא,19,,,,
2603,נדן,נדן,1,,,,
2604,נו,נו,1,,,,
142,נוּ,נוּ,17,,,,
540,נוּט,נוּט,4,,,,
1100,נוּטע,נוּטע,2,,,,
2605,נוּטען,נוּטען,1,,,,
2606,נוּטעס,נוּטעס,1,,,,
2607,נוּטער,נוּטער,1,,,,
541,נוּלדען,נוּלדען,4,,,,
2608,נון,נון,1,,,,
230,נוּן,נוּן,10,,,,
288,נור,נור,8,,,,
49,נוּר,נוּר,55,,,,
2609,ניא,ניא,1,,,,
2610,ניב,ניב,1,,,,
542,ניבּ,ניבּ,4,,,,
2611,ניבּט,ניבּט,1,,,,
2612,נִיבְּט,נִיבְּט,1,,,,
2613,ניבּסטוּ,ניבּסטוּ,1,,,,
2614,ניגאלע,ניגאלע,1,,,,
2615,נידערטרעכטיינען,נידערטרעכטיינען,1,,,,
289,ניט,ניט,8,,,,
720,נִיט,נִיט,3,,,,
2616,ניטינסט,ניטינסט,1,,,,
2617,ניי,ניי,1,,,,
1101,נייגעריג,נייגעריג,2,,,,
2618,נייגֶערִיג,נייגֶערִיג,1,,,,
62,ניין,ניין,44,,,,
1102,נײַן,נײַן,2,,,,
1103,נֵיין,נֵיין,2,,,,
290,נַיין,נַיין,8,,,,
721,נייע,נייע,3,,,,
1104,נייעס,נייעס,2,,,,
722,ניכ,ניכ,3,,,,
2619,ניכט,ניכט,1,,,,
2620,ניכער,ניכער,1,,,,
723,ניס,ניס,3,,,,
724,ניע,ניע,3,,,,
2621,נִיע,נִיע,1,,,,
2622,ניר,ניר,1,,,,
13,נישט,נישט,167,,,,
359,נִישט,נִישט,6,,,,
101,נִישְט,נִישְט,26,,,,
2623,נךיא,נךיא,1,,,,
2624,נליהען,נליהען,1,,,,
2625,נִמְאָס,נִמְאָס,1,,,,
2626,ננב,ננב,1,,,,
2627,ננוּן,ננוּן,1,,,,
2628,נע,נע,1,,,,
2629,נעאַנטוואָרטעט,נעאַנטוואָרטעט,1,,,,
725,נעב,נעב,3,,,,
2630,נעבּיך,נעבּיך,1,,,,
2631,נֶעבִּיך,נֶעבִּיך,1,,,,
2632,נעבּליבּען,נעבּליבּען,1,,,,
2633,נעבּליעכען,נעבּליעכען,1,,,,
2634,נעבּע,נעבּע,1,,,,
2635,נעבּעך,נעבּעך,1,,,,
2636,נעבּעל,נעבּעל,1,,,,
2637,נעבּען,נעבּען,1,,,,
1105,נעבּראַכט,נעבּראַכט,2,,,,
2638,נֶעבְּרֶענְגְט,נֶעבְּרֶענְגְט,1,,,,
2639,נעדענק׳זשע,נעדענק׳זשע,1,,,,
2640,נעדענקט,נעדענקט,1,,,,
1106,נעה,נעה,2,,,,
2641,נֶעה,נֶעה,1,,,,
1107,נעהאט,נעהאט,2,,,,
2642,נעהאלפען,נעהאלפען,1,,,,
1108,נעהט,נעהט,2,,,,
2643,נֶעהם,נֶעהם,1,,,,
1109,נעהמען,נעהמען,2,,,,
2644,נֶעהמֶען,נֶעהמֶען,1,,,,
2645,נעהן,נעהן,1,,,,
2646,נעהערט,נעהערט,1,,,,
2647,נעהעָרט,נעהעָרט,1,,,,
2648,נעוואלד,נעוואלד,1,,,,
2649,נעוועזען,נעוועזען,1,,,,
2650,נעחאפט,נעחאפט,1,,,,
2651,נעטראפען,נעטראפען,1,,,,
2652,נעיועזען,נעיועזען,1,,,,
2653,נעלאט,נעלאט,1,,,,
726,נעלד,נעלד,3,,,,
2654,נעלוּנען,נעלוּנען,1,,,,
1110,נעמט,נעמט,2,,,,
2655,נעמען,נעמען,1,,,,
2656,נעסטע,נעסטע,1,,,,
2657,נעפפע,נעפפע,1,,,,
2658,נעקוּמען,נעקוּמען,1,,,,
2659,נערוּפען,נערוּפען,1,,,,
2660,נערירט,נערירט,1,,,,
2661,נֶערֶעטֶעט,נֶערֶעטֶעט,1,,,,
2662,נערעכט,נערעכט,1,,,,
2663,נעשענקט,נעשענקט,1,,,,
2664,נקמה,נקמה,1,,,,
2665,נראבּ,נראבּ,1,,,,
2666,נְריין,נְריין,1,,,,
2667,נשמה,נשמה,1,,,,
2668,נשתּנה,נשתּנה,1,,,,
1111,ס'איז,ס'איז,2,,,,
2669,ס'האבּען,ס'האבּען,1,,,,
2670,ס'וואָרט,ס'וואָרט,1,,,,
2671,ס'צוּגעהט,ס'צוּגעהט,1,,,,
2672,ס'רעךט,ס'רעךט,1,,,,
2673,ס'שטעהט,ס'שטעהט,1,,,,
2674,סָאלדַאטְסְקִי,סָאלדַאטְסְקִי,1,,,,
2675,סאַפענדיג,סאַפענדיג,1,,,,
2676,סגוּלה,סגוּלה,1,,,,
1112,סְגוּלֶה,סְגוּלֶה,2,,,,
2677,סְגוּלָה,סְגוּלָה,1,,,,
2678,סדר,סדר,1,,,,
2679,סודען,סודען,1,,,,
2680,סוהר,סוהר,1,,,,
2681,סוחרן,סוחרן,1,,,,
2682,סוּמע,סוּמע,1,,,,
2683,סוּמען,סוּמען,1,,,,
727,סוף,סוף,3,,,,
2684,סטער,סטער,1,,,,
2685,סימן,סימן,1,,,,
2686,סע,סע,1,,,,
2687,סעקוּנדע,סעקוּנדע,1,,,,
2688,ספּאדעק,ספּאדעק,1,,,,
2689,ספּעציאַליסט,ספּעציאַליסט,1,,,,
1113,סֵפֶר,סֵפֶר,2,,,,
2690,סְקְרִיפֶּעט,סְקְרִיפֶּעט,1,,,,
2691,עאלט,עאלט,1,,,,
2692,עָבּען,עָבּען,1,,,,
1114,עבר,עבר,2,,,,
2693,עדבורה,עדבורה,1,,,,
2694,עדלעס,עדלעס,1,,,,
2695,עדעל,עדעל,1,,,,
1115,עֶדֶעל,עֶדֶעל,2,,,,
78,עדעלמאן,עדעלמאן,36,,,,
2696,עדעלקייט,עדעלקייט,1,,,,
2697,עהעלמאן,עהעלמאן,1,,,,
728,עהרליכען,עהרליכען,3,,,,
2698,עהרליכעס,עהרליכעס,1,,,,
2699,עהרליכקייט,עהרליכקייט,1,,,,
433,עוויג,עוויג,5,,,,
2700,עוויגע,עוויגע,1,,,,
2701,עֶווִיגֶע,עֶווִיגֶע,1,,,,
2702,עוויגען,עוויגען,1,,,,
2703,עווינ,עווינ,1,,,,
2704,עָווינ,עָווינ,1,,,,
2705,עָווינען,עָווינען,1,,,,
2706,עולם,עולם,1,,,,
1116,עושה,עושה,2,,,,
2707,עזוּת,עזוּת,1,,,,
2708,עזרי,עזרי,1,,,,
2709,עָזרי,עָזרי,1,,,,
2710,עט,עט,1,,,,
2711,עטוואָס,עטוואָס,1,,,,
2712,עֶטְווָאס,עֶטְווָאס,1,,,,
2713,עטויך,עטויך,1,,,,
2714,עטצ,עטצ,1,,,,
2715,עטץ,עטץ,1,,,,
2716,עיני,עיני,1,,,,
1117,על,על,2,,,,
543,עלטערן,עלטערן,4,,,,
2717,עֶלטֶערְן,עֶלטֶערְן,1,,,,
1118,עלטערע,עלטערע,2,,,,
2718,עָלינוּ,עָלינוּ,1,,,,
434,עם,עם,5,,,,
2719,עמוד,עמוד,1,,,,
2720,עמוּד,עמוּד,1,,,,
544,ענגעל,ענגעל,4,,,,
2721,ענגשאפט,ענגשאפט,1,,,,
2722,ענדיגען,ענדיגען,1,,,,
2723,ענדינען,ענדינען,1,,,,
1119,ענדליך,ענדליך,2,,,,
360,ענדע,ענדע,6,,,,
2724,ענטאנען,ענטאנען,1,,,,
2725,ענטגעגען,ענטגעגען,1,,,,
1120,ענטגענען,ענטגענען,2,,,,
2726,ענטזאנט,ענטזאנט,1,,,,
2727,עֶנְטֵיישונְג,עֶנְטֵיישונְג,1,,,,
2728,ענטפליהט,ענטפליהט,1,,,,
2729,ענטפערן,ענטפערן,1,,,,
2730,ענטשוּלדיגוּנג,ענטשוּלדיגוּנג,1,,,,
2731,ענטשוּלדיגען,ענטשוּלדיגען,1,,,,
2732,ענטשוּלדינען,ענטשוּלדינען,1,,,,
1121,ענטשלאסען,ענטשלאסען,2,,,,
24,עס,עס,100,,,,
231,עֶס,עֶס,10,,,,
1122,עָס,עָס,2,,,,
2733,עסען,עסען,1,,,,
2734,עֶסֶען,עֶסֶען,1,,,,
2735,עָסען,עָסען,1,,,,
1123,עעמט,עעמט,2,,,,
2736,עענט,עענט,1,,,,
2737,עֶפְטֶער,עֶפְטֶער,1,,,,
729,עפּיס,עפּיס,3,,,,
730,עִפִּיס,עִפִּיס,3,,,,
1124,עפנען,עפנען,2,,,,
2738,עֶפנֶען,עֶפנֶען,1,,,,
2739,עפען,עפען,1,,,,
1125,עפענט,עפענט,2,,,,
2740,עפענען,עפענען,1,,,,
731,עפּעס,עפּעס,3,,,,
2741,עצה,עצה,1,,,,
2742,עקסטרען,עקסטרען,1,,,,
25,ער,ער,99,,,,
2743,עֵר,עֵר,1,,,,
152,עֶר,עֶר,16,,,,
732,עָר,עָר,3,,,,
2744,עֶרבַּארְמְט,עֶרבַּארְמְט,1,,,,
2745,ערבליקט,ערבליקט,1,,,,
2746,ערבּליקט,ערבּליקט,1,,,,
2747,עֶרְגֶעבֶּען,עֶרְגֶעבֶּען,1,,,,
2748,ערגרייפֿט,ערגרייפֿט,1,,,,
361,ערד,ערד,6,,,,
2749,עֶרְד,עֶרְד,1,,,,
1126,עָרד,עָרד,2,,,,
2750,ערדע,ערדע,1,,,,
2751,ערהאַלטען,ערהאַלטען,1,,,,
2752,ערוואך,ערוואך,1,,,,
733,ערוואכט,ערוואכט,3,,,,
2753,עָרוואכע,עָרוואכע,1,,,,
2754,ערוואננים,ערוואננים,1,,,,
2755,ערוואקסען,ערוואקסען,1,,,,
734,ערווארטעט,ערווארטעט,3,,,,
2756,עֶרְוֶועק,עֶרְוֶועק,1,,,,
2757,ערזעצען,ערזעצען,1,,,,
2758,ערי,ערי,1,,,,
2759,ערינערוּנג,ערינערוּנג,1,,,,
2760,ערינערוּנגען,ערינערוּנגען,1,,,,
1127,ערלעבּט,ערלעבּט,2,,,,
2761,ערנסט,ערנסט,1,,,,
2762,עֶרנְסְט,עֶרנְסְט,1,,,,
1128,ערסט,ערסט,2,,,,
735,ערעלמאן,ערעלמאן,3,,,,
2763,ערפּרעָסען,ערפּרעָסען,1,,,,
2764,ערצעהל,ערצעהל,1,,,,
1129,ערצעהלט,ערצעהלט,2,,,,
2765,עֶרקָאנְט,עֶרקָאנְט,1,,,,
2766,עֶרְקְוִויקֶען,עֶרְקְוִויקֶען,1,,,,
2767,ערקלעהר,ערקלעהר,1,,,,
2768,ערקלעהרט,ערקלעהרט,1,,,,
2769,עֶרְקְלֶעהרְט,עֶרְקְלֶעהרְט,1,,,,
2770,עֶרְקְלֶעהרֶע,עֶרְקְלֶעהרֶע,1,,,,
1130,ערקלעהרען,ערקלעהרען,2,,,,
2771,ערקלערט,ערקלערט,1,,,,
2772,ערקען,ערקען,1,,,,
2773,עֶרקֶענְט,עֶרקֶענְט,1,,,,
291,ערשט,ערשט,8,,,,
316,ערשטען,ערשטען,7,,,,
2774,ערשטער,ערשטער,1,,,,
2775,ערשיינט,ערשיינט,1,,,,
2776,ערשראקען,ערשראקען,1,,,,
2777,ערשרעקט,ערשרעקט,1,,,,
2778,עשירות,עשירות,1,,,,
2779,פא,פא,1,,,,
2780,פּא,פּא,1,,,,
2781,פּאוואַלע,פּאוואַלע,1,,,,
2782,פּאות,פּאות,1,,,,
110,פאטער,פאטער,23,,,,
209,פאַטער,פאַטער,11,,,,
2783,פֶאטֶער,פֶאטֶער,1,,,,
232,פָאטֶער,פָאטֶער,10,,,,
2784,פַאל,פַאל,1,,,,
2785,פָאלְגֶען,פָאלְגֶען,1,,,,
2786,פאלט,פאלט,1,,,,
2787,פאַלט,פאַלט,1,,,,
736,פֿאַלט,פֿאַלט,3,,,,
2788,פּאליציי,פּאליציי,1,,,,
2789,פאלֶען,פאלֶען,1,,,,
2790,פאַלען,פאַלען,1,,,,
2791,פַאלֶען,פַאלֶען,1,,,,
2792,פאלקאמען,פאלקאמען,1,,,,
2793,פאָלקסשטיק,פאָלקסשטיק,1,,,,
2794,פאלשהייט,פאלשהייט,1,,,,
2795,פאלשהיייט,פאלשהיייט,1,,,,
737,פאלשע,פאלשע,3,,,,
1131,פאמיליע,פאמיליע,2,,,,
2796,פאַנגט,פאַנגט,1,,,,
2797,פֿאַנגט,פֿאַנגט,1,,,,
2798,פאנטאזיע,פאנטאזיע,1,,,,
2799,פאַנטאזיע,פאַנטאזיע,1,,,,
2800,פאסירענדיג,פאסירענדיג,1,,,,
2801,פּאפּאוואלע,פּאפּאוואלע,1,,,,
2802,פאפיער,פאפיער,1,,,,
2803,פאַפיער,פאַפיער,1,,,,
545,פּאפּיער,פּאפּיער,4,,,,
2804,פּאק,פּאק,1,,,,
2805,פאָקט,פאָקט,1,,,,
2806,פַּאקְט,פַּאקְט,1,,,,
43,פאר,פאר,62,,,,
90,פאַר,פאַר,31,,,,
738,פאָר,פאָר,3,,,,
233,פַאר,פַאר,10,,,,
2807,פּאר,פּאר,1,,,,
2808,פֿאַר,פֿאַר,1,,,,
2809,פַּארַאדִיז,פַּארַאדִיז,1,,,,
2810,פאראיבּערנעהענד,פאראיבּערנעהענד,1,,,,
2811,פַארְבָּארְגֶען,פַארְבָּארְגֶען,1,,,,
2812,פארבּרייטען,פארבּרייטען,1,,,,
2813,פארגעהען,פארגעהען,1,,,,
2814,פָארְגֶעלֶעזֶען,פָארְגֶעלֶעזֶען,1,,,,
2815,פארגענוּמען,פארגענוּמען,1,,,,
2816,פַארְגֶעס,פַארְגֶעס,1,,,,
2817,פארגעצוינען,פארגעצוינען,1,,,,
2818,פארגעשטעלט,פארגעשטעלט,1,,,,
1132,פארהאנג,פארהאנג,2,,,,
2819,פארהאַנג,פארהאַנג,1,,,,
2820,פַארווָאס,פַארווָאס,1,,,,
2821,פאָרווירפע,פאָרווירפע,1,,,,
2822,פאָרזאַל,פאָרזאַל,1,,,,
2823,פַארטִיג,פַארטִיג,1,,,,
2824,פָארְלֶעזֶען,פָארְלֶעזֶען,1,,,,
2825,פארם,פארם,1,,,,
2826,פארניפּלוישט,פארניפּלוישט,1,,,,
1133,פארשטעלוּנג,פארשטעלוּנג,2,,,,
435,פהיליפּ,פהיליפּ,5,,,,
2827,פובליקוּם,פובליקוּם,1,,,,
2828,פּויק,פּויק,1,,,,
739,פוּל,פוּל,3,,,,
47,פון,פון,57,,,,
36,פוּן,פוּן,71,,,,
740,פֿון,פֿון,3,,,,
1134,פֿוּן,פֿוּן,2,,,,
2829,פוּנ'ם,פוּנ'ם,1,,,,
2830,פוּנים,פוּנים,1,,,,
2831,פּוּנְקְט,פּוּנְקְט,1,,,,
1135,פוּס,פוּס,2,,,,
2832,פּטוּר,פּטוּר,1,,,,
1136,פיהל,פיהל,2,,,,
741,פיהלע,פיהלע,3,,,,
2833,פיהלען,פיהלען,1,,,,
2834,פִיהלֶען,פִיהלֶען,1,,,,
2835,פיהר,פיהר,1,,,,
742,פיהרט,פיהרט,3,,,,
2836,פּיהרט,פּיהרט,1,,,,
2837,פֿיהרט,פֿיהרט,1,,,,
436,פיהרער,פיהרער,5,,,,
2838,פֵייוִויש,פֵייוִויש,1,,,,
2839,פּיימ'על,פּיימ'על,1,,,,
2840,פיינד,פיינד,1,,,,
1137,פייער,פייער,2,,,,
2841,פייעריגע,פייעריגע,1,,,,
2842,פייערינע,פייערינע,1,,,,
546,פילייכט,פילייכט,4,,,,
1138,פִילֵייכְט,פִילֵייכְט,2,,,,
2843,פינדעט,פינדעט,1,,,,
1139,פינסטער,פינסטער,2,,,,
2844,פינסטערניס,פינסטערניס,1,,,,
2845,פִינְסְטֶערְנִיס,פִינְסְטֶערְנִיס,1,,,,
2846,פינסטערניש,פינסטערניש,1,,,,
743,פינף,פינף,3,,,,
1140,פיס,פיס,2,,,,
2847,פִיס,פִיס,1,,,,
2848,פִּיסְק,פִּיסְק,1,,,,
437,פיעל,פיעל,5,,,,
2849,פִיעל,פִיעל,1,,,,
2850,פיעלע,פיעלע,1,,,,
2851,פיער,פיער,1,,,,
2852,פיערטער,פיערטער,1,,,,
172,פיר,פיר,14,,,,
2853,פירכטען,פירכטען,1,,,,
57,פישל,פישל,48,,,,
2854,פְישְלֶען,פְישְלֶען,1,,,,
2855,פִישְלֶען,פִישְלֶען,1,,,,
234,פישעל,פישעל,10,,,,
2856,פֿישעל,פֿישעל,1,,,,
2857,פּלאטע,פּלאטע,1,,,,
2858,פּלאטצען,פּלאטצען,1,,,,
2859,פּלאטקע,פּלאטקע,1,,,,
2860,פּלאן,פּלאן,1,,,,
2861,פְּלַאן,פְּלַאן,1,,,,
2862,פּלאנע,פּלאנע,1,,,,
2863,פּלאנען,פּלאנען,1,,,,
1141,פּלוּצים,פּלוּצים,2,,,,
2864,פֿליהט,פֿליהט,1,,,,
2865,פּלייצע,פּלייצע,1,,,,
2866,פּלייצעס,פּלייצעס,1,,,,
2867,פליעסען,פליעסען,1,,,,
2868,פלעגעריז,פלעגעריז,1,,,,
1142,פּלעהנע,פּלעהנע,2,,,,
2869,פלעטעל,פלעטעל,1,,,,
1143,פלעצליך,פלעצליך,2,,,,
547,פּלעצליך,פּלעצליך,4,,,,
2870,פּלעצליכעס,פּלעצליכעס,1,,,,
2871,פּלעצליכער,פּלעצליכער,1,,,,
1144,פלעשיל,פלעשיל,2,,,,
1145,פּנים,פּנים,2,,,,
2872,פסח,פסח,1,,,,
744,פּסח,פּסח,3,,,,
2873,פעדער,פעדער,1,,,,
317,פעהלט,פעהלט,7,,,,
2874,פֶעהלְט,פֶעהלְט,1,,,,
2875,פעהלסטוּ,פעהלסטוּ,1,,,,
548,פעהלען,פעהלען,4,,,,
1146,פעטער,פעטער,2,,,,
745,פֶעטֶער,פֶעטֶער,3,,,,
1147,פּעטש,פּעטש,2,,,,
2876,פענסטער,פענסטער,1,,,,
2877,פּעסעלע,פּעסעלע,1,,,,
2878,פעפער'ן,פעפער'ן,1,,,,
746,פער,פער,3,,,,
747,פעראיבּעל,פעראיבּעל,3,,,,
2879,פערבּאטען,פערבּאטען,1,,,,
2880,פערבּיינענאנגען,פערבּיינענאנגען,1,,,,
2881,פערבּרענט,פערבּרענט,1,,,,
2882,פערגיעסען,פערגיעסען,1,,,,
2883,פערגניגען,פערגניגען,1,,,,
2884,פערגעטערט,פערגעטערט,1,,,,
2885,פערגעטערע,פערגעטערע,1,,,,
2886,פערגעס,פערגעס,1,,,,
748,פערגעסט,פערגעסט,3,,,,
362,פערגעסען,פערגעסען,6,,,,
1148,פערד,פערד,2,,,,
749,פערדאנקען,פערדאנקען,3,,,,
750,פערדיענט,פערדיענט,3,,,,
1149,פערדערבּען,פערדערבּען,2,,,,
2887,פערדרעהט,פערדרעהט,1,,,,
2888,פערוואלטער,פערוואלטער,1,,,,
2889,פערוואַלטער,פערוואַלטער,1,,,,
363,פערוואַנדלונג,פערוואַנדלונג,6,,,,
2890,פערוואַנדלוּנג,פערוואַנדלוּנג,1,,,,
2891,פערוואנדעלסטוּ,פערוואנדעלסטוּ,1,,,,
2892,פערווייטערען,פערווייטערען,1,,,,
2893,פערווירט,פערווירט,1,,,,
2894,פֶערְוֶועהרֶען,פֶערְוֶועהרֶען,1,,,,
2895,פּערזאנען,פּערזאנען,1,,,,
2896,פערזארנט,פערזארנט,1,,,,
2897,פערזיכערוּנג,פערזיכערוּנג,1,,,,
751,פערטיג,פערטיג,3,,,,
1150,פערטינ,פערטינ,2,,,,
2898,פערלאבּוּנגען,פערלאבּוּנגען,1,,,,
2899,פֿערלאַג,פֿערלאַג,1,,,,
438,פערלאט,פערלאט,5,,,,
1151,פערלאנג,פערלאנג,2,,,,
2900,פערלאננסט,פערלאננסט,1,,,,
2901,פערלארען,פערלארען,1,,,,
549,פערלוירען,פערלוירען,4,,,,
2902,פערליהרען,פערליהרען,1,,,,
2903,פֿערלייגען,פֿערלייגען,1,,,,
2904,פערליימדעט,פערליימדעט,1,,,,
1152,פערליינט,פערליינט,2,,,,
439,פערליעבּט,פערליעבּט,5,,,,
1153,פערליעבּען,פערליעבּען,2,,,,
1154,פערליערען,פערליערען,2,,,,
2905,פערמעגען,פערמעגען,1,,,,
2906,פֶערְמֶעגֶען,פֶערְמֶעגֶען,1,,,,
1155,פערמענען,פערמענען,2,,,,
2907,פערנאכלעסיגע,פערנאכלעסיגע,1,,,,
2908,פערנאנגענהייט,פערנאנגענהייט,1,,,,
2909,פערנוּמען,פערנוּמען,1,,,,
2910,פערניפטעט,פערניפטעט,1,,,,
2911,פערנע,פערנע,1,,,,
2912,פערסמאלעט,פערסמאלעט,1,,,,
2913,פערפאלנט,פערפאלנט,1,,,,
2914,פערפאלנען,פערפאלנען,1,,,,
2915,פערפיהרטער,פערפיהרטער,1,,,,
2916,פערפינוּנג,פערפינוּנג,1,,,,
2917,פערפלוּכטען,פערפלוּכטען,1,,,,
2918,פערפלוּכטעס,פערפלוּכטעס,1,,,,
2919,פערפלוּכטער,פערפלוּכטער,1,,,,
2920,פערפליכטעט,פערפליכטעט,1,,,,
2921,פערצווייפעלט,פערצווייפעלט,1,,,,
2922,פערצייהען,פערצייהען,1,,,,
2923,פערציכטען,פערציכטען,1,,,,
2924,פערצעהרענד,פערצעהרענד,1,,,,
2925,פערקויפט,פערקויפט,1,,,,
2926,פערקויפען,פערקויפען,1,,,,
2927,פערקעהרט,פערקעהרט,1,,,,
2928,פערקרענקען,פערקרענקען,1,,,,
2929,פערר,פערר,1,,,,
2930,פערראטען,פערראטען,1,,,,
2931,פערשוואוּנדע,פערשוואוּנדע,1,,,,
2932,פערשוואונדען,פערשוואונדען,1,,,,
1156,פערשווינדען,פערשווינדען,2,,,,
2933,פערשטאנד,פערשטאנד,1,,,,
2934,פערשטאנדען,פערשטאנדען,1,,,,
2935,פערשטאנען,פערשטאנען,1,,,,
2936,פערשטייט,פערשטייט,1,,,,
2937,פערשטימט,פערשטימט,1,,,,
364,פערשטעה,פערשטעה,6,,,,
2938,פֶערְשְטֶעה,פֶערְשְטֶעה,1,,,,
550,פערשטעהט,פערשטעהט,4,,,,
1157,פערשטעהן,פערשטעהן,2,,,,
2939,פֶערְשְטֶעהסְט,פֶערְשְטֶעהסְט,1,,,,
2940,פערשטעהען,פערשטעהען,1,,,,
2941,פערשטעלוּנג,פערשטעלוּנג,1,,,,
2942,פערשטעקט,פערשטעקט,1,,,,
2943,פֿערשטעקט,פֿערשטעקט,1,,,,
2944,פערשיעדענע,פערשיעדענע,1,,,,
1158,פֶערְשִיעדֶענֶע,פֶערְשִיעדֶענֶע,2,,,,
2945,פערשפּראכען,פערשפּראכען,1,,,,
752,פּפליכט,פּפליכט,3,,,,
2946,פּראבּע,פּראבּע,1,,,,
2947,פּראַבּע,פּראַבּע,1,,,,
2948,פראגע,פראגע,1,,,,
2949,פראפעמאר,פראפעמאר,1,,,,
2950,פּראפעסאד,פּראפעסאד,1,,,,
753,פראָפֿעסאָר,פראָפֿעסאָר,3,,,,
180,פּראפעסאר,פּראפעסאר,13,,,,
2951,פּראפעסאַר,פּראפעסאַר,1,,,,
1159,פּראצענטניק,פּראצענטניק,2,,,,
2952,פּראָצענטניק,פּראָצענטניק,1,,,,
318,פרוי,פרוי,7,,,,
2953,פרויענ,פרויענ,1,,,,
1160,פרויען,פרויען,2,,,,
2954,פֿרויען,פֿרויען,1,,,,
1161,פרוּם,פרוּם,2,,,,
2955,פרוּמע,פרוּמע,1,,,,
2956,פְרוּמֶע,פְרוּמֶע,1,,,,
2957,פריהלינגס,פריהלינגס,1,,,,
255,פריהער,פריהער,9,,,,
754,פריהעָר,פריהעָר,3,,,,
2958,פריהערען,פריהערען,1,,,,
1162,פריי,פריי,2,,,,
1163,פְרֵייא,פְרֵייא,2,,,,
292,פריידאלע,פריידאלע,8,,,,
2959,פֿריידאַלעאלטעריל,פֿריידאַלעאלטעריל,1,,,,
2960,פריידאלען,פריידאלען,1,,,,
143,פריידע,פריידע,17,,,,
2961,פֿריידע,פֿריידע,1,,,,
2962,פריידעדע,פריידעדע,1,,,,
64,פריידעלע,פריידעלע,42,,,,
1164,פְרֵיידֶעלֶע,פְרֵיידֶעלֶע,2,,,,
2963,פְרַיידֶעלֶע,פְרַיידֶעלֶע,1,,,,
2964,פֿריידעלע,פֿריידעלע,1,,,,
2965,פריידעלען,פריידעלען,1,,,,
2966,פְרֵיידֶעלֶען,פְרֵיידֶעלֶען,1,,,,
2967,פרייוויליג,פרייוויליג,1,,,,
2968,פרייט,פרייט,1,,,,
2969,פְרֵייט,פְרֵייט,1,,,,
2970,פרייליך,פרייליך,1,,,,
365,פריינד,פריינד,6,,,,
2971,פְרֵיינְד,פְרֵיינְד,1,,,,
1165,פריינדע,פריינדע,2,,,,
2972,פרייע,פרייע,1,,,,
2973,פרייעט,פרייעט,1,,,,
366,פרייען,פרייען,6,,,,
2974,פריעדהאף,פריעדהאף,1,,,,
2975,פריער,פריער,1,,,,
2976,פֿריער,פֿריער,1,,,,
2977,פריש,פריש,1,,,,
2978,פְרִישְטִיק,פְרִישְטִיק,1,,,,
2979,פרישע,פרישע,1,,,,
755,פרעג,פרעג,3,,,,
756,פרעגט,פרעגט,3,,,,
1166,פרעגען,פרעגען,2,,,,
2980,פרֶעגֶען,פרֶעגֶען,1,,,,
1167,פרעהליך,פרעהליך,2,,,,
2981,פרעכטיגער,פרעכטיגער,1,,,,
2982,פרעכער,פרעכער,1,,,,
440,פרעמד,פרעמד,5,,,,
551,פרענט,פרענט,4,,,,
2983,פרענסט,פרענסט,1,,,,
1168,פרענען,פרענען,2,,,,
2984,פרענקט,פרענקט,1,,,,
2985,פְרֶעסְט,פְרֶעסְט,1,,,,
2986,פרעסער,פרעסער,1,,,,
2987,פשעמישל,פשעמישל,1,,,,
2988,צאהל,צאהל,1,,,,
2989,צאָהלט,צאָהלט,1,,,,
2990,צאהלען,צאהלען,1,,,,
2991,צארטע,צארטע,1,,,,
2992,צארן,צארן,1,,,,
2993,צדק,צדק,1,,,,
72,צו,צו,38,,,,
22,צוּ,צוּ,102,,,,
2994,צוּא,צוּא,1,,,,
1169,צואָה,צואָה,2,,,,
2995,צוגעהן,צוגעהן,1,,,,
2996,צוּגענוּמען,צוּגענוּמען,1,,,,
2997,צוּגעקוּקט,צוּגעקוּקט,1,,,,
2998,צוּגעשפּרינגען,צוּגעשפּרינגען,1,,,,
2999,צוואָר,צוואָר,1,,,,
3000,צוויבעל,צוויבעל,1,,,,
441,צוויי,צוויי,5,,,,
3001,צווייטע,צווייטע,1,,,,
1170,צווייטען,צווייטען,2,,,,
3002,צווייטער,צווייטער,1,,,,
3003,צוויינגען,צוויינגען,1,,,,
3004,צווייפעלסטוּ,צווייפעלסטוּ,1,,,,
367,צווישען,צווישען,6,,,,
1171,צוועלף,צוועלף,2,,,,
3005,צוועק,צוועק,1,,,,
1172,צוזאמען,צוזאמען,2,,,,
3006,צוזאַמען,צוזאַמען,1,,,,
1173,צוּזאמען,צוּזאמען,2,,,,
3007,צוּזַאמֶען,צוּזַאמֶען,1,,,,
3008,צויגט,צויגט,1,,,,
1174,צוּליעבּ,צוּליעבּ,2,,,,
368,צום,צום,6,,,,
118,צוּם,צוּם,20,,,,
3009,צוּמָאלְס,צוּמָאלְס,1,,,,
3010,צוּנאמען,צוּנאמען,1,,,,
552,צוּפאל,צוּפאל,4,,,,
1175,צוּפאַל,צוּפאַל,2,,,,
3011,צוּקוּנפט,צוּקוּנפט,1,,,,
3012,צוּקוּנפטיגע,צוּקוּנפטיגע,1,,,,
3013,צוּקֶער,צוּקֶער,1,,,,
1176,צור,צור,2,,,,
3014,צוּר,צוּר,1,,,,
3015,צוּריבּען,צוּריבּען,1,,,,
442,צוריק,צוריק,5,,,,
293,צוּריק,צוּריק,8,,,,
757,צוּשטאנד,צוּשטאנד,3,,,,
3016,צי,צי,1,,,,
3017,ציהע,ציהע,1,,,,
758,ציטערט,ציטערט,3,,,,
3018,ציטערן,ציטערן,1,,,,
1177,ציטערסטוּ,ציטערסטוּ,2,,,,
1178,ציטערענד,ציטערענד,2,,,,
3019,צייגט,צייגט,1,,,,
369,צייט,צייט,6,,,,
3020,צֵייט,צֵייט,1,,,,
1179,צַייט,צַייט,2,,,,
3021,ציילען,ציילען,1,,,,
3022,ציינען,ציינען,1,,,,
3023,צִימֶעס,צִימֶעס,1,,,,
443,צימער,צימער,5,,,,
759,צינאלע,צינאלע,3,,,,
3024,צינד,צינד,1,,,,
1180,צינעלע,צינעלע,2,,,,
1181,צִיעג,צִיעג,2,,,,
3025,ציעגאלע,ציעגאלע,1,,,,
1182,ציענ,ציענ,2,,,,
3026,צִיפִּינִיש,צִיפִּינִיש,1,,,,
3027,צִיפֶּעט,צִיפֶּעט,1,,,,
1183,צעבּראכענע,צעבּראכענע,2,,,,
3028,צעהלען,צעהלען,1,,,,
3029,צעטרעטען,צעטרעטען,1,,,,
3030,צענאנגען,צענאנגען,1,,,,
3031,צענערס,צענערס,1,,,,
3032,צעפּ,צעפּ,1,,,,
3033,צערבּראכען,צערבּראכען,1,,,,
3034,צערייסט,צערייסט,1,,,,
3035,צערמאניע,צערמאניע,1,,,,
3036,צערפלאסען,צערפלאסען,1,,,,
3037,צערשטערען,צערשטערען,1,,,,
3038,צרה,צרה,1,,,,
3039,צרות,צרות,1,,,,
3040,ק,ק,1,,,,
3041,קאבּ,קאבּ,1,,,,
3042,קאהלען,קאהלען,1,,,,
235,קאהר,קאהר,10,,,,
1184,קאָהר,קאָהר,2,,,,
1185,קאטץ,קאטץ,2,,,,
3043,קאליסען,קאליסען,1,,,,
3044,קאמעדיע,קאמעדיע,1,,,,
1186,קאמפּאזיציע,קאמפּאזיציע,2,,,,
3045,קאָמפאניערט,קאָמפאניערט,1,,,,
1187,קאן,קאן,2,,,,
3046,קאַן,קאַן,1,,,,
760,קָאן,קָאן,3,,,,
3047,קאנט,קאנט,1,,,,
3048,קאנסט,קאנסט,1,,,,
3049,קאנסטוּ,קאנסטוּ,1,,,,
3050,קאָסט,קאָסט,1,,,,
3051,קָאסְט,קָאסְט,1,,,,
3052,קאָסטען,קאָסטען,1,,,,
3053,קאסירער,קאסירער,1,,,,
3054,קאפ,קאפ,1,,,,
319,קאפּ,קאפּ,7,,,,
3055,קאַפּ,קאַפּ,1,,,,
3056,קָאפּ,קָאפּ,1,,,,
3057,קאפּעליש,קאפּעליש,1,,,,
553,קאפּף,קאפּף,4,,,,
3058,קבּען,קבּען,1,,,,
3059,קבּצן,קבּצן,1,,,,
3060,קבצנים,קבצנים,1,,,,
3061,קבּצניש,קבּצניש,1,,,,
1188,קבצנישע,קבצנישע,2,,,,
3062,קבּצנישע,קבּצנישע,1,,,,
3063,קֵבֶר,קֵבֶר,1,,,,
3064,קדוּשין,קדוּשין,1,,,,
3065,קדיש,קדיש,1,,,,
3066,קודֶם,קודֶם,1,,,,
3067,קודס,קודס,1,,,,
3068,קוויטשט,קוויטשט,1,,,,
3069,קוועהלען,קוועהלען,1,,,,
3070,קוועלע,קוועלע,1,,,,
3071,קויל,קויל,1,,,,
761,קוים,קוים,3,,,,
3072,קויפלייטע,קויפלייטע,1,,,,
3073,קויפען,קויפען,1,,,,
1189,קוליסען,קוליסען,2,,,,
370,קוּם,קוּם,6,,,,
256,קומט,קומט,9,,,,
119,קוּמט,קוּמט,20,,,,
762,קוּמְט,קוּמְט,3,,,,
320,קוּמען,קוּמען,7,,,,
3074,קומענד,קומענד,1,,,,
3075,קוּמענד,קוּמענד,1,,,,
1190,קוּנסט,קוּנסט,2,,,,
1191,קוּק,קוּק,2,,,,
1192,קוקט,קוקט,2,,,,
444,קוּקט,קוּקט,5,,,,
1193,קוּקֶען,קוּקֶען,2,,,,
3076,קורירט,קורירט,1,,,,
3077,קורִירט,קורִירט,1,,,,
3078,קורִירְט,קורִירְט,1,,,,
3079,קוּרירען,קוּרירען,1,,,,
1194,קוּרץ,קוּרץ,2,,,,
3080,קוּרצע,קוּרצע,1,,,,
3081,קוּרְצֶע,קוּרְצֶע,1,,,,
3082,קוּש,קוּש,1,,,,
3083,קי,קי,1,,,,
3084,קייזער,קייזער,1,,,,
120,קיין,קיין,20,,,,
1195,קֵיין,קֵיין,2,,,,
1196,קַיין,קַיין,2,,,,
1197,קיינמאל,קיינמאל,2,,,,
1198,קיינע,קיינע,2,,,,
3085,קיינעם,קיינעם,1,,,,
3086,קֵיינֶעם,קֵיינֶעם,1,,,,
554,קיינער,קיינער,4,,,,
3087,קייסערטע,קייסערטע,1,,,,
3088,קילעס,קילעס,1,,,,
66,קינד,קינד,41,,,,
763,קִינְד,קִינְד,3,,,,
3089,קינדהייט,קינדהייט,1,,,,
3090,קִינְדִיש,קִינְדִיש,1,,,,
3091,קינדישען,קינדישען,1,,,,
236,קינדער,קינדער,10,,,,
1199,קִינְדֶער,קִינְדֶער,2,,,,
3092,קינך'ס,קינך'ס,1,,,,
3093,קיסט,קיסט,1,,,,
3094,קִיש,קִיש,1,,,,
194,קישט,קישט,12,,,,
3095,קישעלע,קישעלע,1,,,,
445,קישען,קישען,5,,,,
555,קִישֶען,קִישֶען,4,,,,
3096,קכצן,קכצן,1,,,,
3097,קכר,קכר,1,,,,
3098,קְלָאג,קְלָאג,1,,,,
3099,קְלָאהר,קְלָאהר,1,,,,
3100,קלאפּט,קלאפּט,1,,,,
3101,קלוּנער,קלוּנער,1,,,,
3102,קליידער,קליידער,1,,,,
3103,קליינינקייט,קליינינקייט,1,,,,
3104,קליינענקי,קליינענקי,1,,,,
3105,קליפּה,קליפּה,1,,,,
3106,קנות,קנות,1,,,,
3107,קניאַש,קניאַש,1,,,,
3108,קנייךלעך,קנייךלעך,1,,,,
446,קניעט,קניעט,5,,,,
3109,קניען,קניען,1,,,,
3110,קניענט,קניענט,1,,,,
153,קען,קען,16,,,,
371,קֶען,קֶען,6,,,,
1200,קענט,קענט,2,,,,
3111,קעָנסטוּ,קעָנסטוּ,1,,,,
3112,קענעל,קענעל,1,,,,
237,קענען,קענען,10,,,,
3113,קֶעסְט,קֶעסְט,1,,,,
3114,קעשענע,קעשענע,1,,,,
1201,קראנץ,קראנץ,2,,,,
764,קראנק,קראנק,3,,,,
1202,קראַנקע,קראַנקע,2,,,,
1203,קְרַאנְקֶע,קְרַאנְקֶע,2,,,,
3115,קראעטוּר,קראעטוּר,1,,,,
3116,קראעץ,קראעץ,1,,,,
3117,קרוין,קרוין,1,,,,
1204,קְרֵייטֶער,קְרֵייטֶער,2,,,,
1205,קריכט,קריכט,2,,,,
3118,קריכסטוּ,קריכסטוּ,1,,,,
1206,קריכען,קריכען,2,,,,
3119,קריענעלע,קריענעלע,1,,,,
1207,קריפּעל,קריפּעל,2,,,,
3120,קְרֶעכְץ,קְרֶעכְץ,1,,,,
1208,קרענציל,קרענציל,2,,,,
3121,קרענק,קרענק,1,,,,
1209,קרענקט,קרענקט,2,,,,
3122,קרענקעלע,קרענקעלע,1,,,,
1210,קרענקען,קרענקען,2,,,,
1211,קשיא,קשיא,2,,,,
238,ר,ר,10,,,,
210,ר',ר',11,,,,
1212,ראא,ראא,2,,,,
96,ראזא,ראזא,29,,,,
372,ראַזא,ראַזא,6,,,,
447,ראָזא,ראָזא,5,,,,
3123,ראָזאָ,ראָזאָ,1,,,,
3124,רָאזַא,רָאזַא,1,,,,
3125,ראזא'ן,ראזא'ן,1,,,,
3126,ראזע,ראזע,1,,,,
1213,ראָזע,ראָזע,2,,,,
3127,ראנא,ראנא,1,,,,
3128,ראנא'ן,ראנא'ן,1,,,,
3129,ראָפ,ראָפ,1,,,,
3130,ראפגעלאזט,ראפגעלאזט,1,,,,
3131,ראשית,ראשית,1,,,,
3132,ראשען,ראשען,1,,,,
3133,רבּה,רבּה,1,,,,
3134,רבּונו,רבּונו,1,,,,
1214,רבּי,רבּי,2,,,,
3135,רבּש'ע,רבּש'ע,1,,,,
765,רבּש״ע,רבּש״ע,3,,,,
3136,רבּשיע,רבּשיע,1,,,,
3137,רבשע,רבשע,1,,,,
1215,רבּשע,רבּשע,2,,,,
3138,רהאנג,רהאנג,1,,,,
3139,רוהע,רוהע,1,,,,
3140,רוּהע,רוּהע,1,,,,
1216,רוּח,רוּח,2,,,,
3141,רויבּט,רויבּט,1,,,,
3142,רויס,רויס,1,,,,
1217,רוּם,רוּם,2,,,,
1218,רוּף,רוּף,2,,,,
3143,רופא,רופא,1,,,,
1219,רופט,רופט,2,,,,
766,רוּפט,רוּפט,3,,,,
3144,רוּפֿט,רוּפֿט,1,,,,
767,רוּפען,רוּפען,3,,,,
3145,רייזע,רייזע,1,,,,
1220,רייך,רייך,2,,,,
3146,רייכט,רייכט,1,,,,
3147,רייכטהום,רייכטהום,1,,,,
768,רייכטהוּם,רייכטהוּם,3,,,,
3148,רייכע,רייכע,1,,,,
1221,רייכען,רייכען,2,,,,
1222,ריין,ריין,2,,,,
3149,רייסט,רייסט,1,,,,
3150,רייסען,רייסען,1,,,,
3151,רייץ,רייץ,1,,,,
3152,רינען,רינען,1,,,,
3153,רִיפֶּעט,רִיפֶּעט,1,,,,
3154,ריקאלע,ריקאלע,1,,,,
3155,ריקפאל,ריקפאל,1,,,,
3156,רס,רס,1,,,,
1223,רע,רע,2,,,,
769,רעד,רעד,3,,,,
3157,רעדסט,רעדסט,1,,,,
3158,רעדסטוּ,רעדסטוּ,1,,,,
3159,רעדע,רעדע,1,,,,
373,רעדען,רעדען,6,,,,
3160,רעדעָן,רעדעָן,1,,,,
1224,רֶעדֶען,רֶעדֶען,2,,,,
3161,רֶעזִיקִירְט,רֶעזִיקִירְט,1,,,,
1225,רעטעט,רעטעט,2,,,,
1226,רעטען,רעטען,2,,,,
3162,רֶעטֶען,רֶעטֶען,1,,,,
3163,רעטענדער,רעטענדער,1,,,,
374,רעכט,רעכט,6,,,,
1227,רעךט,רעךט,2,,,,
3164,רעךסטוּ,רעךסטוּ,1,,,,
3165,רעכענדער,רעכענדער,1,,,,
1228,רפוּאָה,רפוּאָה,2,,,,
770,רְפוּאָה,רְפוּאָה,3,,,,
3166,ש,ש,1,,,,
3167,שאו,שאו,1,,,,
3168,שאַן,שאַן,1,,,,
3169,שאָן,שאָן,1,,,,
3170,שאַנטאָקטע,שאַנטאָקטע,1,,,,
375,שדוּך,שדוּך,6,,,,
3171,שִדוּך,שִדוּך,1,,,,
3172,שדכן,שדכן,1,,,,
3173,שדכנות,שדכנות,1,,,,
3174,שוואגער,שוואגער,1,,,,
1229,שוואך,שוואך,2,,,,
3175,שוואַך,שוואַך,1,,,,
3176,שוואכעם,שוואכעם,1,,,,
3177,שוואכעס,שוואכעס,1,,,,
3178,שוואנער,שוואנער,1,,,,
3179,שווארץ,שווארץ,1,,,,
771,שווארצער,שווארצער,3,,,,
3180,שווייג,שווייג,1,,,,
3181,שווייגסט,שווייגסט,1,,,,
3182,שווייגען,שווייגען,1,,,,
3183,שוויינט,שוויינט,1,,,,
3184,שוויינע,שוויינע,1,,,,
3185,שוועהר,שוועהר,1,,,,
91,שוועסטער,שוועסטער,31,,,,
3186,שְוועסְטֶער,שְוועסְטֶער,1,,,,
3187,שְוֶועסְטֶער,שְוֶועסְטֶער,1,,,,
1230,שוועסטערס,שוועסטערס,2,,,,
3188,שוועסטערקינד,שוועסטערקינד,1,,,,
556,שווער,שווער,4,,,,
1231,שווערע,שווערע,2,,,,
1232,שווערען,שווערען,2,,,,
3189,שוטצענגעל,שוטצענגעל,1,,,,
48,שוין,שוין,56,,,,
3190,שוינשטיקען,שוינשטיקען,1,,,,
3191,שוּלד,שוּלד,1,,,,
557,שוּלדיג,שוּלדיג,4,,,,
3192,שונאים,שונאים,1,,,,
3193,שוּצענגעל,שוּצענגעל,1,,,,
3194,שורקע,שורקע,1,,,,
1233,שוּרקע,שוּרקע,2,,,,
3195,שוּרקעריי,שוּרקעריי,1,,,,
3196,שוּשקען,שוּשקען,1,,,,
3197,שטאאאָ,שטאאאָ,1,,,,
3198,שטאלץ,שטאלץ,1,,,,
3199,שטאנד,שטאנד,1,,,,
3200,שטאַר,שטאַר,1,,,,
772,שטארק,שטארק,3,,,,
3201,שטאָרק,שטאָרק,1,,,,
3202,שטארקען,שטארקען,1,,,,
3203,שטוב,שטוב,1,,,,
1234,שטוּב,שטוּב,2,,,,
3204,שטוּבּ,שטוּבּ,1,,,,
3205,שטויגען,שטויגען,1,,,,
1235,שטוינען,שטוינען,2,,,,
3206,שטויסט,שטויסט,1,,,,
1236,שטונדע,שטונדע,2,,,,
773,שטוּנדע,שטוּנדע,3,,,,
3207,שטייט,שטייט,1,,,,
1237,שטיין,שטיין,2,,,,
1238,שטיינער,שטיינער,2,,,,
448,שטיל,שטיל,5,,,,
3208,שְטִיל,שְטִיל,1,,,,
3209,שטילע,שטילע,1,,,,
3210,שְטִילֶע,שְטִילֶע,1,,,,
3211,שטילער,שטילער,1,,,,
3212,שטילערהייט,שטילערהייט,1,,,,
774,שטימע,שטימע,3,,,,
1239,שטיעבּ,שטיעבּ,2,,,,
775,שטיצע,שטיצע,3,,,,
3213,שטיק,שטיק,1,,,,
3214,שטיקאלע,שטיקאלע,1,,,,
3215,שְטִיקֶעל,שְטִיקֶעל,1,,,,
3216,שְטִיקֶען,שְטִיקֶען,1,,,,
1240,שטירצט,שטירצט,2,,,,
1241,שטירצען,שטירצען,2,,,,
3217,שָטָן'ס,שָטָן'ס,1,,,,
1242,שְטֶעה,שְטֶעה,2,,,,
776,שטעהט,שטעהט,3,,,,
3218,שְטֶעהט,שְטֶעהט,1,,,,
777,שטעהן,שטעהן,3,,,,
3219,שטעהען,שטעהען,1,,,,
3220,שטעהעָן,שטעהעָן,1,,,,
3221,שטעטס,שטעטס,1,,,,
3222,שטעל,שטעל,1,,,,
1243,שטעלען,שטעלען,2,,,,
3223,שטענדיגער,שטענדיגער,1,,,,
3224,שטענע,שטענע,1,,,,
3225,שטעקט,שטעקט,1,,,,
3226,שטְֶערֶען,שטְֶערֶען,1,,,,
3227,שטערקען,שטערקען,1,,,,
3228,שטראהלט,שטראהלט,1,,,,
3229,שטראף,שטראף,1,,,,
3230,שטראפע,שטראפע,1,,,,
3231,שטריימעל,שטריימעל,1,,,,
3232,שטריקעלע,שטריקעלע,1,,,,
3233,שטש,שטש,1,,,,
3234,שידך,שידך,1,,,,
778,שיידען,שיידען,3,,,,
3235,שיין,שיין,1,,,,
3236,שיינט,שיינט,1,,,,
3237,שיינסט,שיינסט,1,,,,
3238,שיינעם,שיינעם,1,,,,
3239,שימפּפען,שימפּפען,1,,,,
3240,שיקט,שיקט,1,,,,
3241,שיקען,שיקען,1,,,,
3242,שכל,שכל,1,,,,
3243,של,של,1,,,,
3244,שלאגט,שלאגט,1,,,,
3245,שלאגסטוּ,שלאגסטוּ,1,,,,
779,שלאגען,שלאגען,3,,,,
3246,שלאָגען,שלאָגען,1,,,,
3247,שְלָאף,שְלָאף,1,,,,
3248,שְלָאפֶען,שְלָאפֶען,1,,,,
3249,שָלוחַ,שָלוחַ,1,,,,
3250,שלוכצענד,שלוכצענד,1,,,,
1244,שליח,שליח,2,,,,
3251,שליחות,שליחות,1,,,,
3252,שלים,שלים,1,,,,
3253,שלימלדיגער,שלימלדיגער,1,,,,
3254,שלינגט,שלינגט,1,,,,
3255,שלעכט,שלעכט,1,,,,
3256,שלעפט,שלעפט,1,,,,
1245,שם,שם,2,,,,
3257,שמהה,שמהה,1,,,,
3258,שמו,שמו,1,,,,
3259,שְמוּסְט,שְמוּסְט,1,,,,
558,שמחה,שמחה,4,,,,
1246,שמים,שמים,2,,,,
3260,שמך,שמך,1,,,,
3261,שמערצען,שמערצען,1,,,,
3262,שנארער,שנארער,1,,,,
1247,שנעל,שנעל,2,,,,
449,שעה,שעה,5,,,,
3263,שעהנ,שעהנ,1,,,,
559,שעהן,שעהן,4,,,,
3264,שעהנהייט,שעהנהייט,1,,,,
3265,שעהנסטע,שעהנסטע,1,,,,
780,שעהנע,שעהנע,3,,,,
3266,שעהנעם,שעהנעם,1,,,,
3267,שעהנענקער,שעהנענקער,1,,,,
1248,שעהנער,שעהנער,2,,,,
3268,שעוּר,שעוּר,1,,,,
3269,שעלטען,שעלטען,1,,,,
3270,שעמסט,שעמסט,1,,,,
3271,שענדליכען,שענדליכען,1,,,,
3272,שענדליכער,שענדליכער,1,,,,
1249,שענקט,שענקט,2,,,,
781,שפּאניען,שפּאניען,3,,,,
3273,שפּאניענס,שפּאניענס,1,,,,
3274,שפאנישע,שפאנישע,1,,,,
3275,שפאנישען,שפאנישען,1,,,,
3276,שפאנישער,שפאנישער,1,,,,
3277,שפּאס,שפּאס,1,,,,
1250,שפּאַס,שפּאַס,2,,,,
3278,שפּאציערען,שפּאציערען,1,,,,
450,שפוך,שפוך,5,,,,
3279,שפּוּר,שפּוּר,1,,,,
3280,שפּיטאַל,שפּיטאַל,1,,,,
3281,שפּיענעל,שפּיענעל,1,,,,
3282,שפּיענעלע,שפּיענעלע,1,,,,
3283,שפעטיש,שפעטיש,1,,,,
3284,שפּעטיש,שפּעטיש,1,,,,
3285,שפעטער,שפעטער,1,,,,
239,שפּעטער,שפּעטער,10,,,,
3286,שפּעסעלע,שפּעסעלע,1,,,,
3287,שפּראכע,שפּראכע,1,,,,
3288,שפּרינגסט,שפּרינגסט,1,,,,
3289,שפּרינגען,שפּרינגען,1,,,,
3290,שקלאווע,שקלאווע,1,,,,
560,שקר,שקר,4,,,,
3291,שרויט,שרויט,1,,,,
3292,שריט,שריט,1,,,,
3293,שריַיַבּען,שריַיַבּען,1,,,,
321,שרייט,שרייט,7,,,,
3294,שרייסטוּ,שרייסטוּ,1,,,,
3295,שרינען,שרינען,1,,,,
3296,שריפט,שריפט,1,,,,
561,שרעק,שרעק,4,,,,
3297,שרעקט,שרעקט,1,,,,
782,שרעקליך,שרעקליך,3,,,,
3298,שְרֶעקְלִיך,שְרֶעקְלִיך,1,,,,
3299,תּאִים,תּאִים,1,,,,
3300,תּכריכים,תּכריכים,1,,,,
3301,תּנאים,תּנאים,1,,,,