corpus,drama,utteranceBegin,utteranceEnd,utteranceSpeakerId,mentionBegin,mentionEnd,mentionSurface,entityId
st,_geladen,909,934,_stage,913,918,Baron,baron
st,_geladen,909,934,_stage,923,933,Wilhelmine,wilhelmine
st,_geladen,936,1072,baron,992,995,ich,baron
st,_geladen,1202,1270,wilhelmine,1241,1244,mir,wilhelmine
st,_geladen,1573,1806,wilhelmine,1594,1597,mir,wilhelmine
st,_geladen,1573,1806,wilhelmine,1610,1613,ich,wilhelmine
st,_geladen,2326,2478,baron,2357,2361,mich,baron
st,_geladen,2326,2478,baron,2405,2408,mir,baron
st,_geladen,2326,2478,baron,2431,2434,Ich,baron
st,_geladen,2522,2688,baron,2538,2541,ich,baron
st,_geladen,2522,2688,baron,2654,2657,ich,baron
st,_geladen,2522,2688,baron,2664,2667,mir,baron
st,_geladen,2694,2735,wilhelmine,2716,2719,ich,wilhelmine
st,_geladen,2740,2776,baron,2756,2760,mich,baron
st,_geladen,2912,2971,wilhelmine,2935,2938,ich,wilhelmine
st,_geladen,2976,3014,baron,2990,2993,ich,baron
st,_geladen,3019,3149,wilhelmine,3030,3033,Ich,wilhelmine
st,_geladen,3244,3536,wilhelmine,3267,3271,mich,wilhelmine
st,_geladen,3244,3536,wilhelmine,3517,3521,mein,wilhelmine
st,_geladen,3601,3743,wilhelmine,3632,3638,meiner,wilhelmine
st,_geladen,3798,4042,wilhelmine,3824,3828,mich,wilhelmine
st,_geladen,3798,4042,wilhelmine,3918,3921,Ich,wilhelmine
st,_geladen,4047,4104,baron,4076,4079,Ich,baron
st,_geladen,4127,4186,_stage,4137,4141,Thal,thal
st,_geladen,4127,4186,_stage,4155,4159,Blum,blum
st,_geladen,4127,4186,_stage,4161,4166,Krips,krips
st,_geladen,4127,4186,_stage,4168,4174,Zauser,zauser
st,_geladen,4127,4186,_stage,4180,4185,Baron,baron
st,_geladen,4277,4365,baron,4317,4320,ich,baron
st,_geladen,4277,4365,baron,4334,4337,ich,baron
st,_geladen,4491,4564,baron,4497,4502,Meine,baron
st,_geladen,4722,4749,_stage,4726,4730,Blum,blum
st,_geladen,4991,5470,baron,5119,5123,mein,baron
st,_geladen,4991,5470,baron,5216,5221,meine,baron
st,_geladen,5594,5661,blum,5618,5621,ich,blum
st,_geladen,5594,5661,blum,5633,5639,meinen,blum
st,_geladen,5666,5686,thal,5671,5674,Ich,thal
st,_geladen,5742,5778,thal,5763,5766,ich,thal
st,_geladen,5783,5803,blum,5788,5791,Ich,blum
st,_geladen,6047,6131,blum,6057,6060,ich,blum
st,_geladen,6047,6131,blum,6107,6110,ich,blum
st,_geladen,6047,6131,blum,6111,6115,mich,blum
st,_geladen,6136,6373,baron,6264,6269,meine,baron
st,_geladen,6378,6404,thal,6383,6386,Ich,thal
st,_geladen,6425,6515,thal,6468,6473,Baron,baron
st,_geladen,6425,6515,thal,6475,6479,mich,thal
st,_geladen,6520,6558,blum,6525,6528,Ich,blum
st,_geladen,6563,6680,baron,6578,6581,ich,baron
st,_geladen,6563,6680,baron,6616,6622,meiner,baron
st,_geladen,6702,6730,_stage,6724,6729,Baron,baron
st,_geladen,6856,6958,blum,6925,6929,mich,blum
st,_geladen,7012,7085,blum,7060,7064,mich,blum
st,_geladen,7090,7232,thal,7189,7192,ich,thal
st,_geladen,7285,7367,thal,7306,7309,mir,thal
st,_geladen,7285,7367,thal,7355,7358,mir,thal
st,_geladen,7372,7428,blum,7377,7383,Meinen,blum
st,_geladen,7372,7428,blum,7417,7422,meine,blum
st,_geladen,7515,7580,blum,7520,7523,Ich,blum
st,_geladen,7515,7580,blum,7547,7552,meine,blum
st,_geladen,7650,7673,_stage,7668,7672,Thal,thal
st,_geladen,7680,7721,_stage,7684,7689,Krips,krips
st,_geladen,7675,7765,blum,7727,7732,Krips,krips
st,_geladen,7815,7844,blum,7820,7823,Ich,blum
st,_geladen,7849,7907,krips,7878,7881,mir,krips
st,_geladen,7912,7980,blum,7927,7930,mir,blum
st,_geladen,7985,8023,krips,8010,8016,meinen,krips
st,_geladen,8105,8168,krips,8121,8124,ich,krips
st,_geladen,8238,8399,krips,8244,8247,Ich,krips
st,_geladen,8238,8399,krips,8344,8347,mir,krips
st,_geladen,8452,8500,krips,8490,8493,ich,krips
st,_geladen,8505,8709,blum,8510,8513,Ich,blum
st,_geladen,8808,8870,krips,8836,8839,ich,krips
st,_geladen,8875,8960,blum,8893,8897,mein,blum
st,_geladen,8875,8960,blum,8906,8909,ich,blum
st,_geladen,8965,9041,krips,9015,9018,ich,krips
st,_geladen,9116,9249,blum,9156,9162,Zauser,zauser
st,_geladen,9116,9249,blum,9172,9175,ich,blum
st,_geladen,9116,9249,blum,9179,9185,meinem,blum
st,_geladen,9116,9249,blum,9242,9247,Krips,krips
st,_geladen,9272,9286,_stage,9272,9278,Zauser,zauser
st,_geladen,9288,9869,zauser,9670,9674,Mein,zauser
st,_geladen,9288,9869,zauser,9723,9726,ich,zauser
st,_geladen,9892,9915,_stage,9902,9906,Thal,thal
st,_geladen,9892,9915,_stage,9908,9914,Zauser,zauser
st,_geladen,9917,9952,thal,9933,9937,mein,thal
st,_geladen,9917,9952,thal,9945,9951,Zauser,zauser
st,_geladen,10298,10459,zauser,10308,10311,ich,zauser
st,_geladen,10298,10459,zauser,10346,10349,ich,zauser
st,_geladen,10501,10772,zauser,10524,10527,ich,zauser
st,_geladen,10501,10772,zauser,10691,10695,mich,zauser
st,_geladen,10501,10772,zauser,10696,10700,mein,zauser
st,_geladen,10777,10838,thal,10795,10798,mir,thal
st,_geladen,10777,10838,thal,10805,10808,Ich,thal
st,_geladen,10885,10969,thal,10940,10943,ich,thal
st,_geladen,10974,11106,zauser,11024,11028,mich,zauser
st,_geladen,11111,11151,thal,11116,11119,Ich,thal
st,_geladen,11111,11151,thal,11128,11132,mich,thal
st,_geladen,11273,11316,zauser,11288,11292,mich,zauser
st,_geladen,11322,11362,thal,11342,11348,meiner,thal
st,_geladen,11729,11748,_stage,11729,11734,Krips,krips
st,_geladen,12000,12146,thal,12017,12020,mir,thal
st,_geladen,12000,12146,thal,12038,12044,meiner,thal
st,_geladen,12000,12146,thal,12057,12062,meine,thal
st,_geladen,12000,12146,thal,12117,12121,mich,thal
st,_geladen,12181,12266,thal,12191,12194,ich,thal
st,_geladen,12181,12266,thal,12234,12237,ich,thal
st,_geladen,12271,12320,krips,12284,12287,ich,krips
st,_geladen,12325,12379,thal,12354,12358,mich,thal
st,_geladen,12494,12673,krips,12500,12504,Mich,krips
st,_geladen,12494,12673,krips,12512,12515,ich,krips
st,_geladen,12494,12673,krips,12597,12601,mein,krips
st,_geladen,12494,12673,krips,12624,12628,mein,krips
st,_geladen,12494,12673,krips,12647,12650,ich,krips
st,_geladen,12678,12760,thal,12716,12719,ich,thal
st,_geladen,12785,12839,thal,12790,12795,Meine,thal
st,_geladen,13083,13152,thal,13116,13122,meinem,thal
st,_geladen,13157,13324,krips,13200,13203,ich,krips
st,_geladen,13157,13324,krips,13258,13261,ich,krips
st,_geladen,13157,13324,krips,13293,13296,ich,krips
st,_geladen,13402,13495,krips,13436,13440,mich,krips
st,_geladen,13402,13495,krips,13481,13484,ich,krips
st,_geladen,13694,13857,thal,13738,13741,ich,thal
st,_geladen,13694,13857,thal,13767,13770,ich,thal
st,_geladen,13694,13857,thal,13806,13812,Zauser,zauser
st,_geladen,13694,13857,thal,13814,13817,ich,thal
st,_geladen,13694,13857,thal,13849,13855,Zauser,zauser
st,_geladen,13878,13891,_stage,13878,13883,Krips,krips
st,_geladen,13893,14302,krips,13909,13915,Zauser,zauser
st,_geladen,13893,14302,krips,13934,13937,ich,krips
st,_geladen,14324,14336,_stage,14324,14328,Blum,blum
st,_geladen,14324,14336,_stage,14330,14335,Krips,krips
st,_geladen,14364,14422,krips,14385,14388,ich,krips
st,_geladen,14364,14422,krips,14397,14401,mich,krips
st,_geladen,14562,14600,blum,14574,14579,meine,blum
st,_geladen,15092,15155,krips,15098,15101,Ich,krips
st,_geladen,15092,15155,krips,15107,15113,meinen,krips
st,_geladen,15349,15413,_stage,15349,15353,Thal,thal
st,_geladen,15349,15413,_stage,15355,15359,Blum,blum
st,_geladen,15349,15413,_stage,15361,15367,Zauser,zauser
st,_geladen,16126,16167,thal,16157,16161,mein,thal
st,_geladen,16223,16441,thal,16431,16435,mein,thal
st,_geladen,16515,16606,thal,16553,16558,Baron,baron
st,_geladen,16645,16764,thal,16754,16758,mein,thal
st,_geladen,16857,16983,thal,16862,16867,Meine,thal
st,_geladen,16857,16983,thal,16893,16897,mein,thal
st,_geladen,16857,16983,thal,16944,16947,ich,thal
st,_geladen,17035,17188,thal,17053,17059,meinen,thal
st,_geladen,17035,17188,thal,17080,17083,ich,thal
st,_geladen,17035,17188,thal,17178,17182,mein,thal
st,_geladen,17214,17362,thal,17240,17244,mich,thal
st,_geladen,17214,17362,thal,17270,17274,mein,thal
st,_geladen,17214,17362,thal,17315,17318,mir,thal
st,_geladen,17367,17423,blum,17372,17375,Ich,blum
st,_geladen,17472,17523,blum,17477,17480,Ich,blum
st,_geladen,17572,17933,blum,17830,17834,mich,blum
st,_geladen,17572,17933,blum,17865,17868,mir,blum
st,_geladen,17572,17933,blum,17896,17899,ich,blum
st,_geladen,17955,17968,_stage,17955,17959,Thal,thal
st,_geladen,17955,17968,_stage,17961,17967,Zauser,zauser
st,_geladen,17995,18040,zauser,18015,18018,ich,zauser
st,_geladen,17995,18040,zauser,18019,18024,meine,zauser
st,_geladen,18187,18245,thal,18192,18195,Ich,thal
st,_geladen,18250,18304,zauser,18284,18288,mich,zauser
st,_geladen,18403,18474,zauser,18415,18418,ich,zauser
st,_geladen,18604,18617,_stage,18604,18610,Michel,michel
st,_geladen,18604,18617,_stage,18612,18616,Thal,thal
st,_geladen,18754,18843,thal,18820,18823,ich,thal
st,_geladen,18916,18992,thal,18947,18951,mein,thal
st,_geladen,19084,19122,michel,19091,19094,Ich,michel
st,_geladen,19147,19339,michel,19163,19167,mein,michel
st,_geladen,19147,19339,michel,19178,19181,ich,michel
st,_geladen,19147,19339,michel,19218,19221,mir,michel
st,_geladen,19147,19339,michel,19301,19304,ich,michel
st,_geladen,19393,19422,michel,19400,19403,Ich,michel
st,_geladen,19427,19442,thal,19432,19435,Mir,thal
st,_geladen,19480,19575,thal,19544,19547,ich,thal
st,_geladen,19580,19662,michel,19600,19603,mir,michel
st,_geladen,19696,19773,michel,19712,19715,ich,michel
st,_geladen,19778,19866,thal,19797,19800,mir,thal
st,_geladen,19872,19957,michel,19924,19927,ich,michel
st,_geladen,19962,19993,thal,19967,19970,Ich,thal
st,_geladen,19998,20128,michel,20085,20088,ich,michel
st,_geladen,20133,20186,thal,20138,20141,Ich,thal
st,_geladen,20191,20253,michel,20225,20228,ich,michel
st,_geladen,20258,20365,thal,20263,20266,Ich,thal
st,_geladen,20258,20365,thal,20273,20277,mich,thal
st,_geladen,20258,20365,thal,20296,20299,ich,thal
st,_geladen,20391,20402,_stage,20391,20395,Blum,blum
st,_geladen,20391,20402,_stage,20397,20401,Thal,thal
st,_geladen,20404,20515,blum,20443,20447,mein,blum
st,_geladen,20554,20619,blum,20559,20563,Mein,blum
st,_geladen,20765,20839,blum,20782,20785,ich,blum
st,_geladen,20765,20839,blum,20791,20795,mein,blum
st,_geladen,21507,21560,thal,21530,21533,ich,thal
st,_geladen,21565,21634,blum,21570,21573,Ich,blum
st,_geladen,21565,21634,blum,21579,21583,mich,blum
st,_geladen,21640,21697,thal,21654,21660,meines,thal
st,_geladen,21640,21697,thal,21693,21696,mir,thal
st,_geladen,21702,21805,blum,21712,21715,ich,blum
st,_geladen,21810,22100,thal,21815,21818,Ich,thal
st,_geladen,21810,22100,thal,21851,21855,mein,thal
st,_geladen,21810,22100,thal,21925,21929,mich,thal
st,_geladen,21810,22100,thal,21952,21955,mir,thal
st,_geladen,21810,22100,thal,22061,22064,ich,thal
st,_geladen,22105,22262,blum,22120,22123,ich,blum
st,_geladen,22105,22262,blum,22232,22238,meinen,blum
st,_geladen,22288,22330,_stage,22288,22298,Wilhelmine,wilhelmine
st,_geladen,22288,22330,_stage,22325,22329,Blum,blum
st,_geladen,22390,22482,blum,22400,22404,mein,blum
st,_geladen,22390,22482,blum,22415,22418,ich,blum
st,_geladen,22390,22482,blum,22454,22458,mich,blum
st,_geladen,22390,22482,blum,22463,22466,ich,blum
st,_geladen,22548,22613,blum,22568,22571,ich,blum
st,_geladen,22845,22901,wilhelmine,22856,22859,Ich,wilhelmine
st,_geladen,22979,23076,wilhelmine,22990,22993,Ich,wilhelmine
st,_geladen,22979,23076,wilhelmine,23037,23040,mir,wilhelmine
st,_geladen,22979,23076,wilhelmine,23059,23062,ich,wilhelmine
st,_geladen,23103,23123,_stage,23103,23109,Zauser,zauser
st,_geladen,23125,23219,zauser,23201,23204,ich,zauser
st,_geladen,23626,23941,zauser,23637,23643,meinen,zauser
st,_geladen,23626,23941,zauser,23670,23673,mir,zauser
st,_geladen,23626,23941,zauser,23709,23712,ich,zauser
st,_geladen,23992,24327,zauser,24010,24013,ich,zauser
st,_geladen,23992,24327,zauser,24022,24025,ich,zauser
st,_geladen,23992,24327,zauser,24084,24087,ich,zauser
st,_geladen,23992,24327,zauser,24145,24148,mir,zauser
st,_geladen,23992,24327,zauser,24189,24192,mir,zauser
st,_geladen,24374,24456,zauser,24423,24426,ich,zauser
st,_geladen,24461,24494,blum,24480,24484,mein,blum
st,_geladen,24499,24556,wilhelmine,24518,24524,Zauser,zauser
st,_geladen,24499,24556,wilhelmine,24530,24533,ich,wilhelmine
st,_geladen,24561,24760,zauser,24635,24638,ich,zauser
st,_geladen,24561,24760,zauser,24648,24652,mich,zauser
st,_geladen,24765,24870,wilhelmine,24783,24787,mich,wilhelmine
st,_geladen,24765,24870,wilhelmine,24818,24821,ich,wilhelmine
st,_geladen,24897,24910,_stage,24897,24901,Blum,blum
st,_geladen,24897,24910,_stage,24903,24909,Zauser,zauser
st,_geladen,24912,24975,blum,24922,24928,Zauser,zauser
st,_geladen,24912,24975,blum,24938,24942,mein,blum
st,_geladen,25126,25172,zauser,25133,25136,Ich,zauser
st,_geladen,25126,25172,zauser,25161,25166,meine,zauser
st,_geladen,25177,25226,blum,25184,25187,ich,blum
st,_geladen,25231,25650,zauser,25376,25381,Krips,krips
st,_geladen,25231,25650,zauser,25447,25450,ich,zauser
st,_geladen,25231,25650,zauser,25492,25497,meine,zauser
st,_geladen,25231,25650,zauser,25522,25526,mein,zauser
st,_geladen,25231,25650,zauser,25562,25567,meine,zauser
st,_geladen,25231,25650,zauser,25591,25594,ich,zauser
st,_geladen,25231,25650,zauser,25623,25627,mich,zauser
st,_geladen,25655,25945,blum,25904,25907,ich,blum
st,_geladen,26034,26248,blum,26084,26087,ich,blum
st,_geladen,26034,26248,blum,26088,26094,meinen,blum
st,_geladen,26034,26248,blum,26160,26163,ich,blum
st,_geladen,26034,26248,blum,26227,26232,Krips,krips
st,_geladen,26276,26288,_stage,26276,26281,Krips,krips
st,_geladen,26276,26288,_stage,26283,26287,Blum,blum
st,_geladen,26290,26392,krips,26318,26321,ich,krips
st,_geladen,26290,26392,krips,26334,26340,meiner,krips
st,_geladen,26290,26392,krips,26358,26361,mir,krips
st,_geladen,26397,26469,blum,26442,26447,meine,blum
st,_geladen,26501,26563,blum,26515,26518,ich,blum
st,_geladen,26639,26872,blum,26694,26698,mein,blum
st,_geladen,26639,26872,blum,26721,26727,meinen,blum
st,_geladen,26639,26872,blum,26742,26748,meinen,blum
st,_geladen,26877,26915,krips,26891,26896,meine,krips
st,_geladen,26920,27004,blum,26925,26929,Mein,blum
st,_geladen,27052,27143,krips,27078,27081,ich,krips
st,_geladen,27052,27143,krips,27130,27133,ich,krips
st,_geladen,27291,27324,krips,27314,27317,mir,krips
st,_geladen,27565,27595,krips,27585,27589,mich,krips
st,_geladen,27600,27660,blum,27634,27637,ich,blum
st,_geladen,27600,27660,blum,27646,27651,meine,blum
st,_geladen,27833,27916,blum,27863,27869,meinen,blum
st,_geladen,27921,27976,krips,27937,27940,ich,krips
st,_geladen,27921,27976,krips,27954,27958,mich,krips
st,_geladen,28097,28258,krips,28103,28108,Meine,krips
st,_geladen,28097,28258,krips,28145,28148,mir,krips
st,_geladen,28097,28258,krips,28166,28169,ich,krips
st,_geladen,28097,28258,krips,28214,28217,ich,krips
st,_geladen,28358,28369,_stage,28358,28362,Thal,thal
st,_geladen,28358,28369,_stage,28364,28368,Blum,blum
st,_geladen,28371,28415,thal,28397,28401,mich,thal
st,_geladen,28420,28563,blum,28429,28433,mein,blum
st,_geladen,28420,28563,blum,28442,28445,ich,blum
st,_geladen,28604,28728,blum,28639,28642,ich,blum
st,_geladen,28753,28893,blum,28758,28761,Ich,blum
st,_geladen,28753,28893,blum,28797,28802,meine,blum
st,_geladen,28898,29011,thal,28903,28906,Ich,thal
st,_geladen,28898,29011,thal,28916,28920,mich,thal
st,_geladen,29116,29275,blum,29159,29162,ich,blum
st,_geladen,29116,29275,blum,29238,29241,ich,blum
st,_geladen,29490,29550,thal,29505,29509,mich,thal
st,_geladen,29555,29826,blum,29573,29577,mein,blum
st,_geladen,29555,29826,blum,29616,29619,ich,blum
st,_geladen,29555,29826,blum,29671,29676,meine,blum
st,_geladen,29555,29826,blum,29712,29715,mir,blum
st,_geladen,29555,29826,blum,29807,29811,mich,blum
st,_geladen,29863,29898,blum,29889,29892,ich,blum
st,_geladen,29903,29948,thal,29908,29914,Meinen,thal
st,_geladen,29953,30339,blum,29958,29961,Ich,blum
st,_geladen,29953,30339,blum,30025,30035,Wilhelmine,wilhelmine
st,_geladen,29953,30339,blum,30130,30134,mich,blum
st,_geladen,29953,30339,blum,30160,30163,mir,blum
st,_geladen,29953,30339,blum,30190,30193,ich,blum
st,_geladen,29953,30339,blum,30194,30198,mein,blum
st,_geladen,29953,30339,blum,30243,30249,meinem,blum
st,_geladen,30467,30657,blum,30515,30518,ich,blum
st,_geladen,30467,30657,blum,30550,30553,ich,blum
st,_geladen,30467,30657,blum,30573,30577,mein,blum
st,_geladen,30467,30657,blum,30614,30617,ich,blum
st,_geladen,30662,30822,thal,30710,30713,ich,thal
st,_geladen,30662,30822,thal,30779,30782,ich,thal
st,_geladen,30827,31245,blum,30865,30869,mich,blum
st,_geladen,30827,31245,blum,30890,30893,Ich,blum
st,_geladen,30827,31245,blum,30923,30926,ich,blum
st,_geladen,30827,31245,blum,30953,30956,ich,blum
st,_geladen,30827,31245,blum,30997,31000,mir,blum
st,_geladen,30827,31245,blum,31084,31087,ich,blum
st,_geladen,30827,31245,blum,31115,31118,Ich,blum
st,_geladen,30827,31245,blum,31124,31128,mich,blum
st,_geladen,30827,31245,blum,31198,31202,mich,blum
st,_geladen,30827,31245,blum,31216,31219,ich,blum
st,_geladen,31250,31315,thal,31306,31309,ich,thal
st,_geladen,31320,31468,blum,31359,31362,mir,blum
st,_geladen,31320,31468,blum,31379,31382,Ich,blum
st,_geladen,31320,31468,blum,31389,31393,mich,blum
st,_geladen,31320,31468,blum,31397,31403,meinen,blum
st,_geladen,31320,31468,blum,31425,31429,mich,blum
st,_geladen,31473,31548,thal,31528,31531,mir,thal
st,_geladen,31570,31725,thal,31651,31654,mir,thal
st,_geladen,31731,31801,blum,31793,31796,ich,blum
st,_geladen,31854,31920,blum,31859,31862,Ich,blum
st,_geladen,31854,31920,blum,31868,31874,meinen,blum
st,_geladen,31966,32068,blum,32031,32036,meine,blum
st,_geladen,32208,32338,thal,32254,32257,ich,thal
st,_geladen,32208,32338,thal,32258,32263,meine,thal
st,_geladen,32208,32338,thal,32318,32324,Zauser,zauser
st,_geladen,32364,32377,_stage,32364,32368,Thal,thal
st,_geladen,32364,32377,_stage,32370,32376,Zauser,zauser
st,_geladen,32587,32614,zauser,32598,32601,ich,zauser
st,_geladen,32762,33025,thal,32837,32840,ich,thal
st,_geladen,32762,33025,thal,32885,32889,mich,thal
st,_geladen,32762,33025,thal,32962,32966,mein,thal
st,_geladen,32762,33025,thal,32974,32980,Zauser,zauser
st,_geladen,32762,33025,thal,32987,32990,ich,thal
st,_geladen,33030,33101,zauser,33061,33067,meinem,zauser
st,_geladen,33030,33101,zauser,33079,33082,ich,zauser
st,_geladen,33176,33232,zauser,33199,33202,ich,zauser
st,_geladen,33176,33232,zauser,33214,33218,mein,zauser
st,_geladen,33238,33491,thal,33261,33265,mein,thal
st,_geladen,33238,33491,thal,33289,33295,meinen,thal
st,_geladen,33238,33491,thal,33309,33314,meine,thal
st,_geladen,33496,33574,zauser,33529,33532,ich,zauser
st,_geladen,33496,33574,zauser,33537,33543,meinen,zauser
st,_geladen,33640,33800,zauser,33661,33666,meine,zauser
st,_geladen,33640,33800,zauser,33678,33681,ich,zauser
st,_geladen,33640,33800,zauser,33682,33686,mich,zauser
st,_geladen,33640,33800,zauser,33767,33770,ich,zauser
st,_geladen,33805,33828,thal,33818,33822,mein,thal
st,_geladen,33832,33844,_stage,33833,33839,Zauser,zauser
st,_geladen,33846,34133,thal,33870,33875,meine,thal
st,_geladen,33846,34133,thal,33902,33905,mir,thal
st,_geladen,33846,34133,thal,33973,33978,meine,thal
st,_geladen,33846,34133,thal,34017,34020,Ich,thal
st,_geladen,33846,34133,thal,34025,34029,mich,thal
st,_geladen,33846,34133,thal,34053,34057,mein,thal
st,_geladen,34159,34198,_stage,34159,34164,Krips,krips
st,_geladen,34159,34198,_stage,34193,34197,Thal,thal
st,_geladen,34200,34264,krips,34231,34234,Ich,krips
st,_geladen,34269,34326,thal,34306,34309,mir,thal
st,_geladen,34331,34383,krips,34342,34346,mein,krips
st,_geladen,34526,34564,thal,34531,34534,Ich,thal
st,_geladen,34644,34736,krips,34650,34655,Meine,krips
st,_geladen,34741,34777,thal,34770,34776,Zauser,zauser
st,_geladen,34782,34820,krips,34810,34814,mein,krips
st,_geladen,34854,34874,_stage,34854,34860,Zauser,zauser
st,_geladen,35054,35127,_stage,35120,35125,Krips,krips
st,_geladen,35282,35421,_stage,35374,35379,Krips,krips
st,_geladen,35282,35421,_stage,35398,35404,Zauser,zauser
st,_geladen,35423,35903,thal,35763,35773,Wilhelmine,wilhelmine
st,_geladen,35423,35903,thal,35778,35782,mein,thal
st,_geladen,35423,35903,thal,35795,35798,ich,thal
st,_geladen,35939,35950,_stage,35939,35943,Blum,blum
st,_geladen,35939,35950,_stage,35945,35949,Thal,thal
st,_geladen,35957,36005,_stage,35990,35994,Thal,thal
st,_geladen,35952,36247,blum,36037,36040,ich,blum
st,_geladen,36464,36538,thal,36469,36472,Ich,thal
st,_geladen,36544,36605,blum,36591,36594,mir,blum
st,_geladen,36610,36656,thal,36639,36643,mich,thal
st,_geladen,36839,36855,blum,36849,36854,Krips,krips
st,_geladen,36928,36945,thal,36938,36944,Zauser,zauser
st,_geladen,37043,37143,blum,37107,37110,ich,blum
st,_geladen,37148,37205,thal,37189,37192,mir,thal
st,_geladen,37270,37298,thal,37283,37287,mich,thal
st,_geladen,37321,37353,thal,37326,37332,Meinen,thal
st,_geladen,37470,37621,thal,37475,37478,Ich,thal
st,_geladen,37470,37621,thal,37501,37505,mich,thal
st,_geladen,37470,37621,thal,37597,37601,mich,thal
st,_geladen,37670,37728,thal,37675,37678,Ich,thal
st,_geladen,37670,37728,thal,37686,37692,meinem,thal
st,_geladen,37789,38076,thal,37841,37844,ich,thal
st,_geladen,37789,38076,thal,37846,37852,meinem,thal
st,_geladen,37789,38076,thal,37853,37858,Krips,krips
st,_geladen,37789,38076,thal,37950,37953,mir,thal
st,_geladen,37789,38076,thal,37987,37990,ich,thal
st,_geladen,37789,38076,thal,38006,38009,ich,thal
st,_geladen,38081,38126,blum,38092,38096,Thal,thal
st,_geladen,38081,38126,blum,38103,38107,mich,blum
st,_geladen,38183,38275,blum,38188,38191,Ich,blum
st,_geladen,38183,38275,blum,38227,38233,meiner,blum
st,_geladen,38280,38320,thal,38285,38288,Ich,thal
st,_geladen,38325,38379,blum,38341,38346,meine,blum
st,_geladen,38384,38461,thal,38438,38441,ich,thal
st,_geladen,38653,38761,blum,38735,38739,mich,blum
st,_geladen,38767,38870,thal,38803,38809,meiner,thal
st,_geladen,38767,38870,thal,38854,38857,ich,thal
st,_geladen,38968,39056,thal,38979,38982,ich,thal
st,_geladen,39061,39117,blum,39087,39090,mir,blum
st,_geladen,39122,39191,thal,39137,39141,mich,thal
st,_geladen,39122,39191,thal,39155,39158,ich,thal
st,_geladen,39196,39313,blum,39286,39289,ich,blum
st,_geladen,39196,39313,blum,39290,39294,mich,blum
st,_geladen,39368,39436,blum,39409,39412,ich,blum
st,_geladen,39442,39502,thal,39447,39451,Mein,thal
st,_geladen,39547,39586,thal,39552,39555,Ich,thal
st,_geladen,39547,39586,thal,39564,39568,mich,thal
st,_geladen,39591,39670,blum,39619,39622,ich,blum
st,_geladen,39591,39670,blum,39623,39628,meine,blum
st,_geladen,39769,39828,blum,39809,39812,ich,blum
st,_geladen,39833,39989,thal,39838,39842,Mein,thal
st,_geladen,39994,40077,blum,40018,40021,ich,blum
st,_geladen,39994,40077,blum,40022,40026,mich,blum
st,_geladen,40473,40491,thal,40487,40490,ich,thal
st,_geladen,40497,40529,blum,40525,40528,mir,blum
st,_geladen,40534,40552,thal,40548,40551,ich,thal
st,_geladen,40557,40600,blum,40562,40565,Ich,blum
st,_geladen,40557,40600,blum,40574,40579,meine,blum
st,_geladen,40672,40695,thal,40677,40680,Ich,thal
st,_geladen,40959,40983,blum,40971,40974,mir,blum
st,_geladen,40988,41015,thal,40993,40996,Ich,thal
st,_geladen,41044,41093,thal,41056,41060,mein,thal
st,_geladen,41098,41188,blum,41114,41117,ich,blum
st,_geladen,41098,41188,blum,41133,41136,ich,blum
st,_geladen,41098,41188,blum,41152,41155,mir,blum
st,_geladen,41223,41251,_stage,41227,41232,Baron,baron
st,_geladen,41223,41251,_stage,41234,41244,Wilhelmine,wilhelmine
st,_geladen,41223,41251,_stage,41246,41250,Thal,thal
st,_geladen,41253,41305,baron,41289,41295,meiner,baron
st,_geladen,41310,41344,wilhelmine,41321,41324,Mir,wilhelmine
st,_geladen,41349,41378,baron,41355,41358,Ich,baron
st,_geladen,41384,41435,wilhelmine,41400,41404,mein,wilhelmine
st,_geladen,41554,41618,thal,41591,41594,ich,thal
st,_geladen,41554,41618,thal,41603,41607,mich,thal
st,_geladen,41623,41664,wilhelmine,41642,41646,mich,wilhelmine
st,_geladen,41669,41790,thal,41674,41677,Ich,thal
st,_geladen,41669,41790,thal,41734,41737,mir,thal
st,_geladen,41876,41905,wilhelmine,41900,41903,mir,wilhelmine
st,_geladen,41911,41956,thal,41935,41939,mich,thal
st,_geladen,41986,42209,thal,42002,42005,Ich,thal
st,_geladen,41986,42209,thal,42042,42045,Ich,thal
st,_geladen,41986,42209,thal,42181,42184,Ich,thal
st,_geladen,42247,42283,thal,42269,42273,mein,thal
st,_geladen,42288,42381,wilhelmine,42299,42302,Ich,wilhelmine
st,_geladen,42288,42381,wilhelmine,42332,42336,mich,wilhelmine
st,_geladen,42288,42381,wilhelmine,42353,42356,mir,wilhelmine
st,_geladen,42386,42424,thal,42412,42416,mich,thal
